track_id,launch_spin_rate,apex_t,apex_x,apex_y,apex_z,landing_t,landing_x,landing_y,landing_z
1c26738f-44cc-4cd2-930f-c63ce8ae867e,4145.531358178139,1.7055666859258576,24.424375635551023,56.655227193931324,11.380126834853716,3.379394882366626,62.48566707533887,73.3279166845094,0.05021669902647616
d70047ed-bfee-4969-b670-ce988a464812,9045.482596876565,2.3991301231940856,34.52100763727294,63.605474227534174,22.785541487859614,4.945564466304292,75.67307958143525,82.30903923047961,0.1336122363202966
097724ad-5813-4c99-8813-52dd13226549,8038.045749553285,2.0587132853984214,28.835200509677655,52.39726758289729,16.043799268877443,4.124162518360803,67.1935538164101,62.34606647743874,0.040938359718587565
ab886492-84fc-44db-aa4c-6400f3419047,9666.434077754106,2.8148349581049046,45.02568486188865,71.6957618669436,30.33666072550209,5.697828820452188,90.40255572020934,97.36163917264037,0.038365140435034736
05ebea5f-219a-4cf8-843e-3272e9727971,8071.433845312337,2.3042960134818182,31.783808504513303,57.25767485090412,20.96863192659899,4.7267671397315345,69.92296634074573,69.86554201042233,0.10058106852749044
edde414d-1213-4cb4-bbdd-6821e51affd4,4864.1451379676055,2.131641970540733,35.69126883025962,64.63144973125605,15.187431288985987,4.266419007363367,79.828978058151,89.01937363204298,0.047242630620399864
39ac3719-e307-451b-a761-b1714e9df124,3991.1911809170197,1.7004914701713,22.702143003865253,71.10486390203319,11.214873230515623,3.38709447414832,53.92973046043565,101.02128435046359,0.11546272600354657
6a07997c-1f10-4ef5-8101-745f01732d80,5281.635955460099,2.347879115066003,64.30704509979628,91.01549759584216,9.571871051035295,4.0347699850753305,108.5169900900031,116.37934768775187,0.06768343106238509
6a88c88b-7e8f-43f6-987d-d0240230e8de,4834.291815274084,2.1991696605639675,39.74049444557645,65.42538150870635,15.489207337374717,4.45773360237001,83.93481951941901,89.55875240950957,0.05449699875461815
b3ab937e-3969-4804-83fe-b1eaea3c5525,5297.865453305622,2.509775044414308,47.860541288861256,71.13008872118806,20.15817688975193,4.91607230902632,92.76055169255511,97.68183691503876,0.0343633472173823
f1f4a04a-f077-47f8-8d14-7bc208e83a9f,4847.088391459605,2.0704032392380824,32.51941634947855,77.97804207693056,14.061760948902077,4.2457237613895975,71.77772294513335,113.06730190781408,0.07580908209203704
028127af-f64a-4db1-bce1-41a3321582be,6417.859347522921,2.390494180041506,43.801645968805985,67.64993946717105,18.380919888895175,4.716456082198407,89.32037115373082,89.83845126699856,0.04486835406684453
fce97d06-1f68-494a-9a2b-f400cac91069,7450.2640408385,1.516684253292027,17.41394485383049,48.522137933120604,8.96867782935349,3.101279344346766,51.13803435944918,58.657392717431605,0.07696331035354968
624475e2-c7c6-4b86-a4d0-97133c80f41d,7706.656874171058,2.256101936209916,38.34705305122602,67.00881685622726,15.559073484391446,4.466309551759954,81.02537330220973,91.10077831431767,0.06455460281505711
808d7e44-c247-4f32-a9d0-6ccd065eff3c,8762.935561966002,2.485424472361925,46.53031662860086,69.7597129906817,17.609803303851926,4.825333051506075,90.30322015894001,92.81329676936821,0.036527178975568945
ca9b0895-d247-43ae-9230-2541b596ae81,7861.666005890264,2.3882576011772354,42.533597914019694,67.83106053753723,17.257708078886946,4.756853583879689,85.84532946920154,91.45261014181591,0.052385912306240706
376e7357-1b90-4338-8109-53d01362a08c,7865.345351876841,2.5240872757354937,45.90007864308933,72.75781138591806,18.922885734023637,4.921423682686077,89.38246610590615,99.91875756724596,0.0919646592578845
931f729d-657c-4f9b-a264-ae0bf25baa7b,8652.297276793475,2.510551567491562,45.23289595113436,73.09226528491388,18.678030765761218,4.937845053420189,87.73553332663003,99.4686318143998,0.0884284016160933
7dc15e25-97a4-425b-abc1-97692c4c15b7,8423.272265048854,2.373739780239646,39.0244848852571,67.13658790374761,16.663204234876993,4.727959647095912,81.34785101909709,90.18343608919045,0.08122700302811023
02d2cf8a-30d6-4eda-b043-e03ecf23d9f0,8469.871112192193,2.5759944906038506,50.0071464816492,73.93447173073106,17.64163849746728,4.943741251542284,90.31749450103158,98.46320279543181,0.10145151563204775
cf3349aa-aa30-4043-8ac7-9aa2382f8a9e,8277.67899802814,2.5362288208510915,47.82197172021891,76.95874161868014,16.569122603656783,4.810932085884489,86.02924738427174,106.59463363589265,0.09619850142305345
c793edc1-43f2-4546-a5ec-a55120e4f24a,8375.143207284356,2.4539689777073703,42.76253553371361,73.88088646702697,17.305385866871312,4.719959242784196,84.22338640747455,103.23265948744752,0.07529475058395835
627375fa-2cbf-4866-987b-6f33e4acbb05,7178.757482179093,2.57674606619031,46.616045608298776,74.60038216563471,19.677415800921484,5.043146167924403,90.96259938270137,107.48163352444816,0.07830183796878476
6551bc0f-38bf-41fc-8daa-3044f3c50928,5672.267699263153,2.8420564473023893,72.83115786207944,82.35313453477997,17.742446354576813,5.2642557848144005,123.4760783507969,110.40558789168156,0.06630953083153393
a29a63a9-772c-4c65-9d3c-6e000e98c8e1,5988.3427994533195,2.949036534224615,72.57600258519183,83.51730029555446,21.599400098342024,5.618219860884517,128.68238535186214,107.67257908610915,0.0786394505871836
aa5e0af8-f46c-4e85-8e69-4e6a96a50ce9,6415.416113477811,2.884469555014285,71.73842718390755,84.05043336043941,19.392815645765875,5.380435002069028,120.5320713776834,108.38068627588873,0.05208128639365476
da48f35c-5a09-4c5f-a6b3-4ffd802b9b6a,6828.915535900815,2.843819755534336,69.92346888759795,79.40908338582996,19.4375990743566,5.336766893008601,119.75600370365416,100.79830804705782,0.077799740365828
bd4c10e6-0d69-47e0-afed-3308e3254a93,4947.2009530827145,2.762164908872175,75.39610875329457,68.9136965525449,18.029817793172143,5.158448572529749,127.1271632835537,87.84958173828278,0.05008673119930031
e9b5b263-60e0-4b81-b4ca-2a0c47f1f65f,4987.076936120568,2.6966402278910406,74.85736329949525,69.93755294527072,16.76787916234924,5.087916828080284,126.89896357021973,93.86389352144275,0.050737770565903756
df52d50f-1c4a-442f-8865-590ddffcd1ac,5616.545178954822,2.6441964800978366,71.23724611003638,67.16391060493741,16.217104944627785,4.8588470962051264,124.04150433391223,87.57075477409028,0.06044717585137217
c82f85d6-b871-4188-8c80-cf50e3a617b6,3676.6163068228234,2.8691333849867187,93.1451802859919,96.16584862701518,15.07450207431876,5.005500705695891,152.14497055073184,130.09944552629094,0.08698658777912066
25bd6f74-fff1-499a-bb97-1dcff06b59da,3064.389194329472,2.6936466263085883,86.06691310971289,79.09421435211591,17.976907502283503,5.149132879457097,150.30268946624767,104.53899618119834,0.06092980693101323
342cd697-fe49-4f1f-ba57-c62c0c4adbb0,3983.0655057077174,3.040946130719713,98.55647978603545,98.6602642954029,16.448376095784532,5.525601294342064,157.86049970031056,125.39273681932116,0.05746828198666314
6a3c8a80-a12d-4131-a49c-ff36d07c2033,3481.186811685384,2.7467874050738263,93.4780289929375,99.12968233340936,14.614242627540317,5.015791770158933,151.0939476463449,129.9940946920243,0.06145096584496207
a9a33986-3e66-41b2-9412-fdcc9aad6d6e,3355.754475773655,2.8565963158773022,91.63897418102627,100.23993185639236,17.25857009004085,5.292277691096111,151.127116083226,147.64168133725988,0.07730815642804163
ddfaeb3b-01e0-4e97-ab2f-b1e8077d881c,4336.663291416811,3.2220643055995493,98.73950800541449,98.5172980645007,19.005598595040937,5.6896296721448,160.53972244532545,124.88436242491011,0.054644444929947314
cdd7eb10-db8c-41cf-af1e-7823465185bd,2157.596363415839,2.970815546366926,101.41676182439048,96.0533645895186,24.03946351149798,5.747946719648778,179.1213372933638,139.56106401455787,0.05668962403108914
7920a17f-1ef7-431d-a380-4b2db8df50c5,2283.9704582194295,2.861883396679067,98.45031572054046,98.67662516517743,22.045047355666327,5.48926360186591,173.9986264849757,140.8483399231746,0.08768691773208752
2e4a8e24-50b1-4117-96dc-760d1d3a5d19,2503.9079294717817,3.1406816845226624,114.27516915999682,100.39501070296569,26.29105720717545,6.093627419800441,191.33511538825917,135.5245791984483,0.05249774866995227
49db2f06-144c-4b23-9c43-b1ad4cf31187,2342.3184795316433,3.228697588693408,110.85010946561383,92.09598985867913,29.98109853731711,6.307363674406789,193.40679609088454,112.72528348861019,0.09191294423704974
2a2d300c-055f-40f1-97e0-04d82ad227e8,3032.4738809623277,3.1516714607492147,108.74920844739198,107.50686165923753,26.293492838776416,6.163404337503536,189.6429428257499,138.98198642764666,0.11569731678820244
c70615ec-59a2-42f6-93aa-25b481222b52,9903.626832866103,2.837743205110552,49.55221210032638,71.77364088373714,28.696907975250156,5.696478104655401,92.6251938746462,94.66384760058459,0.09226265270429829
296d1175-5d7a-4960-8e40-5ad573debfb1,9809.761502164845,2.7723038780545863,47.987201564561296,67.15928313626057,27.879075171310983,5.6233032891878345,94.27723692759955,87.04022923307946,0.03523973704723248
d5f8e56a-df36-47aa-bc5b-bab15a46ef01,8701.000137732542,2.7522345878182954,47.26576065278179,66.18827864469202,28.419786763501357,5.563410006600396,93.24683603126599,88.80056228462985,0.08654232712326934
7325e492-2914-41e6-89e3-6f054fee5e76,8982.780669835163,3.1023597669711336,61.868851634545855,87.9909693000585,31.24312552724153,6.17274457187297,108.97522001184976,122.8527787290779,0.08700248077229289
74662924-4467-404d-8961-9563662d52aa,8958.528038861084,3.238117801899806,67.02438244216674,84.37982589754817,35.96496725651701,6.689376068863201,119.53951505441879,119.36627767300561,0.11360910744396045
d24fa14e-ba1c-4e47-b969-0cf533f39333,8648.93616676679,3.1297626721045124,66.96791356679957,74.70449941477597,33.71762301091597,6.318596914279597,117.75929722097487,100.18128045223591,0.048771947740347876
2c95d370-e875-4cad-ad6f-581aaad1d940,8403.097313422686,3.2395041938030706,69.60026652790413,83.74584129032993,35.83455540656157,6.625406396862649,122.05225371445022,115.51271613787935,0.08353063443038586
c21ca420-ffca-41aa-a3dd-ce17ff9a62b2,9029.712336463168,3.0619843733441074,62.27043045567501,80.01912313631921,29.544851281233818,6.06156840522215,110.17201116769965,105.37029599990345,0.09298020487702
0867e85f-3623-483b-a6a6-3804362052ad,8423.645815841732,3.242782602713973,70.38615354583618,81.94549941209189,37.77966860298291,6.725624796338463,121.9611645015731,116.08391169532494,0.05525509503650548
fdb53d5e-f158-440d-9363-ef2bc17991fb,6144.245279306889,3.4024161765605903,90.8688433322919,81.98117518772963,35.00157526407391,6.586778831676671,153.65207756985393,104.46187614240631,0.029700817152870214
896578b8-c8ff-44ee-9a60-8b22bbc471c9,5315.924002623707,3.2254424517893354,82.97805377116465,90.3363704306602,27.457448015797787,6.17544890025351,140.43727163631476,122.198945528776,0.10029966536915567
eb6fed37-af65-4e43-b181-8a89f0e68b53,5428.394633870281,3.4270106701023195,96.14561894728598,96.78864671441737,32.374391187112494,6.536829547260043,155.9532134987862,131.77697804413089,0.08145532135137884
85e72a31-8620-4950-858f-585018fc4991,6167.497763170535,3.3326113903893733,88.27731804637335,91.49148685487935,31.075426754755583,6.44377394239305,150.65786506874062,110.48107334765548,0.07918474384177375
a55e954c-c916-4815-9d05-cd1be7eb08e2,6533.857340148889,3.387963462871009,88.301049941163,93.60630569968335,30.788050587183033,6.429892714946071,149.09943081930055,121.13089938727045,0.06474184397821717
a4372428-146f-4652-89ac-cdd2c966b669,5431.727663805535,3.3624955896763913,91.69874713465958,101.83356301802718,29.123870101160783,6.396649734644266,145.85422045125,143.36353557054179,0.10308945988745477
7bf02ac5-3853-4904-a6a1-05ec3aa97e97,4155.386163275572,3.769721534403107,125.89846511555695,101.24684209511639,40.33755277976945,7.310082472501652,199.00314256316193,127.5049685280297,0.04890961671218613
d378801d-5db5-4489-8157-078d3994a210,9703.618636769928,1.8785071792129027,15.118627248496319,50.503230432057094,14.948044996119389,3.9136140247619293,45.61822493834087,61.638445891273335,0.09427790958400808
c3e10803-1e8c-4b23-b9bf-71fe805c5f98,10101.522324418063,2.0023743205940945,20.220239473601296,55.162808168111056,16.036294691458398,4.0765940557857165,52.83665361071786,71.59048315174029,0.0813694702423221
e9502707-7ff7-49ea-bf36-73f4284055ec,9904.7575334576,1.8849381452355,14.512059283319651,49.757910612604334,13.856676281741452,3.8510754168978547,44.326520666298464,62.09585777160307,0.06516428586352403
65b47951-96de-4836-8f64-e0cb8998c688,9284.31385123434,1.8787603852209265,16.03035463000529,52.871085156316454,14.437887795796055,3.876583053705126,45.71297360957022,68.71812695529825,0.07757629213123766
45194ff7-422a-43ed-84fb-da01c4e2bfb1,9530.6209399984,1.870130993395461,15.139707257409693,49.76959400086352,13.84259863385423,3.8084665006190885,45.382430304221316,61.25678792692307,0.08217216375133114
b683e625-d4d3-4b64-9548-e2cbdfa3940c,9457.024510696188,2.393261446077954,33.45631643003488,59.6158106715629,19.3362593319858,4.745950227624221,69.89085319336553,77.2637524834839,0.09561552957168347
d2694cf6-767a-4eea-81ec-99e02d78ac28,8158.917817239765,2.3715967316878594,38.664459986318775,64.27346784380926,16.69107169174366,4.698141982526007,76.30879993954323,87.49692482832846,0.10723687126711119
b60dae46-d43a-491b-b6ac-4e5efe1395e5,9038.87728320477,2.5225994876920677,38.389379904186164,61.6134308663397,21.817178857907535,5.032885244135963,75.93811233025826,78.3569055775242,0.08369453622933354
603b3410-e898-4433-ada8-6b817fa3a541,9015.437318123288,2.4544666258452605,34.94924989994241,57.36803488179602,19.89093747952591,4.884769865453013,72.63389691152513,68.52879867945906,0.11017553596394515
f314f372-d0b4-4c19-a6b5-c767a5bc0c95,7802.427004023903,2.3597188473486694,33.38122792148413,63.22564252839923,17.433473393671104,4.651918530880242,69.95344798088112,86.45501712129044,0.0698742635357445
f9d7e883-6760-40aa-b721-732613487181,8648.226859329188,2.5176799456995855,36.394091714015744,59.8196582246806,21.537457498501666,4.988930420780081,73.81545744584126,77.46310383484021,0.03015585357228727
ab8c6a8e-0c4e-4b35-acdd-f5f5a9cfe594,7182.111227036812,2.3111112926327966,37.10031712768925,58.2997201496187,14.656011848964331,4.459789667978477,76.46277476100754,77.90992682303909,0.07168142744607671
4ffac25c-0323-4407-9839-d39927d28b90,8738.603904640853,2.528807746777932,44.135307452837836,58.34110194357728,21.638516266433157,4.978324229729271,87.44969723252535,75.74737460332,0.057411729400962994
0bf68dc9-e65d-43dd-b6aa-7e80267cd522,8114.727954034628,2.5366840898230714,47.78952535358939,60.1151962110841,19.44145535433517,4.99150686197839,90.55928125771955,78.85604628714492,0.044043780047455086
203ce8dc-7ec2-4973-8a03-bb5365de27c1,7814.875791281083,2.527477841398275,47.725318225388634,57.567489133000706,19.21516015406194,4.981538389784088,92.61474209395381,71.69054646456647,0.04239585910043513
5d8b7b34-213a-468b-8ec9-39e039b23e34,4006.7868519086255,1.5615831266391629,15.481281852384594,52.09473831521262,7.527166550628151,3.163450626495599,48.79753481611436,67.95207130751157,0.06552672243777963
811bdc3c-940b-425c-bafa-9149d5e0e93f,7185.730789381526,2.377362046458376,45.241065580568176,58.26723517831749,15.240758008553557,4.587809042161793,87.87036074847443,75.81014327088504,0.029556118441120514
8b73a4a1-4cbd-4877-a0db-002aca230d5b,7639.460035095843,2.5516927083152785,50.825732122367974,67.8670548776077,19.056043410103687,5.0094680164960455,95.91900325920173,90.12375672198284,0.049200726212520904
73507cd6-1a6d-46e2-9ae5-64ef59096960,5602.093492202066,2.4213408707455057,45.963767056230566,61.81949373613561,18.52794575544983,4.7292013113597875,90.69793398570775,83.89600355474283,0.04824477867907712
35885518-52c2-42ae-884a-5458e1157d30,6550.77302947262,2.57540641268958,50.45099615509207,63.94420377100437,19.271400996719983,5.045705300253413,94.68539732374347,84.89360095013612,0.025342877108144583
6e5e44b5-bbb4-4fd5-a817-b0813451d116,4345.81764518015,2.060009960892299,36.088837201487216,62.85631852432169,12.527304510304898,3.9788133399020005,77.67154590535924,87.78922937893478,0.03333371405845332
ea035aec-1e72-4e16-8f9f-5bd8212b8838,4142.38701587298,2.2804432621267523,52.443333224982965,63.54426769164963,14.999638708469156,4.460767190596058,98.61536674703001,83.93441213060674,0.05548176879149165
cb03a051-c0f6-476c-99ee-64f7dc7ac1e5,5356.142428422901,2.7754498998596246,64.3312637534962,65.92587800417998,21.817376609457252,5.363902697236374,114.86440252252265,84.71486956091833,0.04138296878624648
3b6e9935-a6dd-464c-8e8f-c2739194eccb,5112.589596283793,2.3349491109868916,63.27987452734746,57.73877555901707,9.62697569762991,4.321402719300778,112.06076932509146,69.53858989700936,0.065155537928616
fe8d0b6f-f8d8-4715-a2d4-38313fb6fad0,5184.538241985037,2.5613660895107686,59.78847586260388,56.2093862299337,19.33059502968232,5.0071691559243465,111.25871687710216,68.08700167589538,0.04579698006505718
b51446da-4ef7-468b-b655-64481ddd6a2c,5808.096172100424,2.8646927094544328,69.60761998303319,80.32188439851348,21.24998507804279,5.4556205828866755,118.04396494844069,112.87879415113478,0.08256478297387673
530d1852-905d-43d9-a8fd-0af59144b6ac,6642.3243409898005,2.705421476903664,60.32562118908379,56.19246588869573,22.38995808976564,5.293049211865061,111.2645290255943,70.4985047516784,0.10531698978886829
20e49345-8fd2-460b-96e7-52782077e892,5002.005501422987,2.7564874681827005,65.03986743239719,78.32135273853021,21.395694836742393,5.308603373965029,115.6317729735178,110.46621845342904,0.045619674118903414
418ec305-9548-43cd-8000-efd58a41e2c0,3222.6026823746815,2.411026369483814,72.96175085715439,85.35727171300633,13.582212441396234,4.389186528286002,130.74954013482252,116.53473265067856,0.05285604862479671
351f522a-5f58-4569-a10e-d73c93e88f29,2872.942113559296,2.638188330601967,70.69210612303038,69.48414264919211,19.87108616236469,5.18295938859058,128.85682909172124,94.75606720329363,0.045101041559530194
0fa1b66e-68d2-4f41-a33e-4ebd55383d5d,4537.9829298815175,2.8576018604328883,82.15315382197521,80.15991543056944,20.489592195265338,5.438830224004836,144.47523366160655,104.57499840246368,0.042290624354122536
68683a15-7f57-41bb-907f-39c8bec0785b,2904.0386770138048,2.7478358536690655,78.51872268071943,81.9603731051782,20.819049434339373,5.351813295921877,136.1171141066952,118.73077977201058,0.06879593341557784
f318fcde-a0bc-4b2d-962d-8f341e80b6ba,2775.658501148398,2.8099517855328493,78.47563927989684,72.5714982191531,23.131388911924645,5.549020808663592,140.89085606412502,97.19466490798078,0.04405719647979356
d7de3916-cf81-474c-bc66-84dde3a9afd4,4857.905374901806,3.000259146141482,66.66464634746616,74.6335675286437,29.04067303304769,6.028619036462313,121.65175153935026,102.55814829728267,0.01949644964072741
277fe8e7-88f4-4c47-925b-ab32895a61bd,9982.152199051196,1.8702363804718936,17.136544480960982,55.03138632198874,12.649044498173339,3.7995576770205366,48.4736185513096,71.24406906158598,0.05553193776591871
ed27ae85-2056-4209-8108-f55e605cb28b,10730.512771034068,2.1156804564284606,23.299923899124806,60.52764477477001,15.482594454046943,4.203779779712515,56.7918753410853,79.0364890212704,0.11065129701674445
b5818780-5882-4b40-9da7-b45fb331193f,10455.044726902266,2.3721293092010876,29.175043547730894,64.48701761752145,21.36356556237973,4.835018431034153,64.89096883808247,86.80428718431568,0.0999045377033058
a1cd1376-f994-4d8c-8776-fd07562246f2,9867.900302124159,2.3428139478673207,30.3219904171343,58.6878423811594,21.621472817429908,4.68543007023139,67.61407780274278,76.20329929659081,0.06047952680542875
c1c96b0c-5a63-4f85-8b1a-8993dd500079,9473.127081246084,2.15018341169303,26.214492363549276,63.8674930458806,15.958474147785829,4.284535563472965,61.579458614210424,85.98398534576798,0.07179496303579926
76fca127-4f7e-4b9c-9522-b7b6fd3885a6,5776.895206284071,2.8903876435602682,69.65000221990005,88.40447186973094,18.445890069768453,5.269479129088947,117.53347431019792,121.0502096937577,0.06521177097299019
49e66b58-2fbb-4d33-9b35-48276b459388,4042.0829839816565,1.9979101272308246,53.55637703128964,74.90260045345468,6.91655846798346,3.429717101387718,94.74003067846672,96.76621333015781,0.07451669428311193
aa448d96-aff2-492c-8f6b-7cf3de3b9275,7040.148917952881,3.0009876083551026,69.35983097301137,82.9265556229089,26.61998580072327,5.859539874403225,123.15313309510785,107.84317631183434,0.10715088349891524
2a7ae53b-645a-4fd6-a837-abd62303571c,3494.2174523033154,1.4349960339945649,28.980195683892887,61.67064799854951,6.5890316217637155,2.8401775662154654,71.3374111964622,83.54986533526099,0.06852112772171541
57c0abc7-b722-4df8-a353-9ef993f17a41,6255.757319629482,2.9855313650399102,68.59933097852797,88.18040634716579,24.277133454875987,5.712711298212431,117.46954363410471,120.05301835376875,0.08634883422183734
9e614447-0628-4b65-93bf-090af81df426,6417.07952131499,2.6408987670724775,59.26576627076298,69.13301852163745,17.53361540812896,5.011273015747123,107.00154655760564,84.7629893771837,0.05688450479449026
78f9a19d-c274-4ad3-b37b-8f2877f9adb5,5421.369359789584,2.9222856140977784,78.23549805453654,86.98777488620826,18.370219920147036,5.4443078373293385,132.0010778327464,115.23658079005506,0.07837527579198769
cd2fe523-df2e-41a5-928d-42ffd2ee37d9,5053.768633452116,2.5401857542660853,69.40789153546834,88.17692599407312,8.659058354973427,4.51475499177092,117.63777169878306,114.32824132633581,0.05999687152967015
d572b7e0-5906-47e6-92dc-a491398d7fe9,4097.449552931766,2.369141409109805,65.44438855580384,89.08366676212783,11.501091360805646,4.316114297649126,109.94869213569403,123.02371672458587,0.06837003852829385
978970c4-6289-4eab-9ad1-d91737bceb6d,4824.607442491022,2.784911453885381,77.12115670926447,91.19439312812872,15.449526552108342,5.25282450298694,135.1756232068646,121.06266917230616,0.09183246123809038
99c27ed6-99e1-4de2-8add-a8810cb24370,3582.6068354542704,3.3896852573163287,101.18190896039701,116.13903465805089,26.529672700340384,6.343067770177225,162.19404469414286,164.02767315663039,0.09108574662701165
eb4cb084-d001-431e-8575-0349e409c5d2,4271.184021902978,3.5694103310737137,116.97790083592403,96.61638506880223,27.98730998296612,6.541815008758343,184.89756958904167,125.73877654263325,0.04407930903083422
ceb61f9c-460b-4b2b-9938-0f41b7cd24b5,3863.307730574329,3.1989264063871734,97.4404718640518,116.28832944455277,18.495949725204582,5.63473511455983,151.9149041961724,161.91619966963194,0.06770430189685799
60a5ea26-8c90-4e15-9053-c3afa84445f1,3308.5439681911357,3.348725287565111,107.63058494106951,91.77627861029424,29.931726676693845,6.513945160117839,177.2074011666074,123.0523072948143,0.05913521998727301
73d02c5e-5072-4596-a662-6bd2dae5321e,4649.133050537783,3.444623369689011,101.01181417102461,100.22863238441406,27.840754994493036,6.470844647469713,161.86182852890866,129.20540517430317,0.091983009708648
fdb2e386-01f9-4948-a751-5b4f86e93635,3243.734507395876,3.283260901913585,102.8098560992538,108.68701068975908,24.2744855273391,6.0482567928203395,165.88549672349336,156.31727853167666,0.06211918540442919
8f54d100-b348-4d51-9469-2cd75b2ffa3b,3012.1018942908377,3.1664515722356406,98.12812448119068,102.37650246820633,23.598653005805033,5.864274129571862,160.87483138421632,148.34913754244616,0.08575161171291804
a0673024-3f3d-4843-b07c-944c74197254,3693.3237105679054,3.3982021649527594,107.78515752638695,96.83539797221385,24.831028747598474,6.259209341638398,171.62654114674987,130.0011989684203,0.03591582787584346
bdf8ac1d-f9f7-455f-b636-dcc733b5c213,3653.299665323325,3.9057871204551855,130.08306029738307,101.71239066071571,39.22400823062779,7.516211361654779,203.28445697017457,132.66053420418754,0.08840138159573406
7943daf6-f9b2-414c-af57-e03e8cc0357d,2329.5420587036588,3.0690478813033306,106.75602423982733,113.00401030627017,27.32739280830676,5.919830461467079,178.1939857199665,159.40029899946683,0.13750604772921307
06b564d3-f712-45ca-aa0d-ae046237a541,2146.6747334872666,3.0126667771992226,111.83638819618925,103.11060336811406,23.885456274856548,5.822821811676945,178.82534500714462,147.13984355436693,0.10286121187765854
07f65fee-33e9-4219-953a-b56738b2fb76,3153.260984090667,3.5909949806201413,121.22630745722469,112.73478351311661,28.533983171723765,6.749795213570987,188.34598526034375,149.42098585108522,0.08197940334350531
227f8a19-57b7-4457-a6ff-a276577fcf83,9897.901784871578,2.569031478323794,35.976080220882636,65.41481791176106,27.62952479662605,5.247456023033237,75.26984084468417,89.00888816893774,0.11229853197345066
9d3ceef0-5005-46be-82d4-a2305a29fc3d,8672.927649392539,1.8154824177250055,19.118492480220485,52.94108855719962,13.35268804207529,3.696341658705233,51.16934276852943,69.37143618459974,0.11879106343536872
104f95b4-dd70-44e4-8cc9-7dcb504aabd4,8042.050407253713,2.529932176235267,43.03483245821712,57.00264813840911,22.72518507818081,5.0530752143189765,82.97948870475491,73.48796016228988,0.18590930097941738
05c9458a-8cfc-4434-b4eb-b32031000a80,10175.324529064714,2.309513063442173,26.84267765490408,65.85035396172952,22.118288145028163,4.797226179787573,63.672926601785754,88.04720006779293,0.1291472574740195
d5a8d74f-2dee-4c76-84d0-63ca5dca2d07,7196.488501173301,2.527941000803656,51.72527289263945,69.03269015030419,16.000238953422006,4.809810175393986,94.2346663435303,90.38695109123685,0.020840196962042375
3e903788-f07b-407c-9d30-c0191572c22e,5204.00322408289,2.319685272254216,54.16429964756999,71.53237713356009,12.02783352274125,4.2861578445253645,95.29169091052678,99.92190790854295,0.03097053405814295
5a0dd5f6-c5c7-4a30-82f4-dc62992a3429,10066.241287043398,2.8209365046340804,49.575997695135456,69.53494937023316,28.18911891468364,5.620354528282906,94.92928879616892,90.65691907894552,0.06508909090449491
693aa945-2576-431b-9b84-009f6d17a9fe,9313.084214241571,2.792986890815505,52.59137497040431,68.93418973329676,27.170111868526504,5.699451512625458,97.56785290208822,94.69914488225311,0.0943349652272435
1aaef79e-cd98-4295-bba1-656b5c74410b,8210.430812610522,2.927967365209186,55.74829785761055,69.5322499544026,28.807829872104335,5.921435727983345,104.55197888797807,94.4649436193118,0.11720471594871851
35095988-bbc1-41a3-80f6-7b9c1ca97913,5903.197704167534,2.577299973611728,64.48974269527841,71.95236835581252,15.506436248797403,4.70662982079376,112.3793215540065,90.20514600856833,0.040777751456983743
07cd81a0-43e8-48ea-9b45-9258210a25a9,5024.144292632834,2.388368687243973,65.99083260625846,75.9524952656611,9.931308961654748,4.275050864106564,115.48534666264206,100.34724179536707,0.06335061832799582
69cf42d1-3493-4252-b98c-6573c004271d,4518.975312160759,2.0573541997840423,57.101811392798254,71.62209833170961,7.649521769471448,3.528209560710639,101.0498030844596,92.58817273797632,0.10801083148413088
b4e6ac10-f684-4412-b735-915c84801730,5100.827757859197,2.9681522798186677,71.5535039333978,79.78683737444594,24.70234752018277,5.835490116577273,125.68139086204161,113.53921688159762,0.04567191049091948
90fd6946-bd83-4101-b6af-323d3af303dd,7107.404126761106,3.1002095820856166,70.55296112839184,77.97587119886195,29.94731062234083,6.224603305375673,123.81392299596543,102.49170176097346,0.050541165506761195
5441f3fb-9904-4c04-a0fa-365e20dd3cb0,4520.398162109568,2.8858234147707336,70.37367902185703,81.85246113925461,24.6030091212683,5.676215477932287,124.13511569536868,117.5663482659034,0.08736382607758797
8517d310-7e11-49d3-9972-bd195d57f4cd,5910.1129296739,3.100003015377762,83.69110033947578,64.96642103159532,20.345277087228723,5.5380881969394995,136.69359011034402,73.21883126582335,0.07834862798312703
52bf0316-fdc7-4ec0-98b8-1d0bdedad8b3,4778.421312795996,2.8020676537291713,83.48567420804594,76.75327244235393,13.151215509583947,5.2028900392313515,137.29536996655526,97.21161563550172,0.09784717194621462
9d52025b-d8fc-4761-bf42-7fa3b66fe819,6050.190291414743,3.256829919202216,84.06928844408975,79.40337217486879,28.169803204407184,6.278970922511757,141.5944629769845,96.83080044871102,0.0942496979574719
4c967694-ba99-4d0f-9373-cdbed4a5173f,5414.25922086258,3.2887287271591967,95.35741342910431,79.89064230563903,27.846600189612424,6.328215872965144,153.6297471266868,105.86186508675334,0.0860919988508472
58025a06-8ddc-4bce-9027-8772daee8f80,5343.815040654046,3.42537169396633,98.81717922351963,83.09218218537939,32.25437164767926,6.561453345206946,160.63964359465564,112.71081251866417,0.04332155563548583
acbba713-ba0e-4c95-9d8c-c7cb3a83908f,5147.612514355933,3.469598801262141,100.758996188424,84.37276774244398,33.585693454855516,6.730298457884302,165.78379101718173,111.75340085475416,0.08940659067594786
cd0c4019-f750-4ebb-a016-ed3fe79fc8ca,4025.266643858654,2.3061623977956076,86.94528202443468,74.677189847936,9.37502309961723,3.980078688219722,147.0345925958464,90.40258109440097,0.12040999477061987
9949bed6-6aa2-4b1e-b7bb-dee6eeb76343,4556.080599227517,3.41525191809771,98.97111613171788,98.8675105481755,32.166193363460806,6.560178982496629,164.1681985780092,130.71989480369845,0.11811098760373785
f9a979aa-482f-4699-b3b5-9084e92ac24c,4262.793659493906,3.573133667238711,103.99415982930012,97.98747895374564,36.31375477967,6.9287198172430955,173.25497348696527,127.81283646895884,0.07430530579740485
ece69e85-9aec-4171-8573-3e24494a67a6,4418.24620686391,3.4832060719586764,111.59334185854354,83.45838402005448,32.073975347453796,6.633731144435712,186.56872995505384,105.66255050747051,0.05857552859529733
534cf30f-23d1-473e-8afa-87537bda6dbd,3413.5927921314114,3.2619733839027845,96.79892900327857,98.41657425878266,26.999485387131358,6.379745908752456,157.94727286166125,134.5820914069433,0.10321841201027024
426757dc-280d-4665-b57a-f606fc6b5b87,10403.153465415637,2.5492655815553373,29.491551866949163,65.39740639312939,23.789956111369754,5.141655305919342,63.43944850279293,86.2325121297855,0.1290456460486703
3999e21c-c27d-4151-ae46-94f9ef50cfc8,8757.559801745538,2.966213470404445,54.73820924478042,81.95117792127826,26.041969763119614,5.890049162376652,94.10017378992441,110.35848861636707,0.10279573402878515
57283e63-3937-4d8b-b5d2-d16cba95875e,8302.720348871255,3.026216124745872,56.973509782517276,77.73662960205371,27.990519008705945,5.975932960289404,99.31223899416723,101.06753596423027,0.09998115416777638
babf1dfe-0886-4954-ad27-d4da63be7b68,8206.771088896954,3.028612860428816,58.52270781585238,75.52051237384259,27.43583199125989,5.958694129579513,102.5053965841353,96.7628240887772,0.0719483890874483
ba8b9d68-214c-44c6-bc80-37c27fbca0f7,8396.770851703246,2.891296882477815,54.134416940388405,77.60775647248946,24.855793197170964,5.629700047067611,93.58557412662608,101.86040461911014,0.10996527578142407
81ddd399-e9a5-41a4-8415-ef3f568e29c8,8790.70196271297,3.1636628930067854,62.22475798836514,77.57011486680679,31.71818462602297,6.251641934848263,104.15966571602758,98.87879938753176,0.08299417403182222
0c704673-ba3a-40e5-8c18-a79c00af90dc,8187.968264675648,3.082773763519194,56.392445200998026,71.03800158007977,28.881751730508256,6.111778417485411,99.72638381612674,89.4406803007307,0.0860289238194168
89fa3818-7909-4555-9fee-7dd77f2a82bb,8263.963861181193,3.0545034151177735,63.5233840780901,74.82584449145844,26.84404456167227,5.9630766069681345,111.80518294562472,93.14466912974231,0.06578738828479075
a5f44c55-9294-430a-aa1e-8994e5af0008,6495.532947453534,3.145231822369926,76.95340735051883,80.47869732152247,22.525396335881304,5.987723110815693,126.45846502893994,105.5856828771021,0.031987610774751235
4d024a85-23fe-4cf0-af78-2a9b143c8628,6438.347666936956,3.173142981121302,75.86154232207646,93.8087409552879,23.474878739123866,6.050293998332439,122.6432262766502,123.33620112769296,0.08845040711991338
a3b68433-5140-4cd2-b345-c860c0f2de8a,6955.707477298982,3.094977579271366,71.80300825358157,86.15400762987954,23.680388765287386,5.98759657703334,116.8013542479407,103.40907913568131,0.07656925782514769
3313dc11-736c-4b21-bf57-1ba1ce092c5e,6464.309749247691,3.209889845116429,77.40272826552301,83.36461029062478,24.795184436052715,6.011103257300292,125.37663248343492,103.38157341738695,0.051213696699018194
6e760a91-b61d-41f2-8a1f-5ec64ae4b66b,7140.2267748827835,3.1996113300757574,76.92410406527246,85.21951998101584,26.214082836924337,6.017198455548057,125.07759011359207,104.68378150658799,0.06625451189533157
7c21abdb-346b-406f-8932-e617ca33467e,5021.753075104278,3.3826035821623446,99.99160865208904,94.696064059089,24.25506875240045,6.3260824581225785,155.43758544230383,124.28670738522987,0.06801064945397536
1d280f11-e17a-421b-a77d-b44e1cec5c45,4152.507701171093,2.4652445244796444,79.31287145381498,80.56680946532451,9.515007328262271,4.338052458006116,132.7424605132725,105.12230459645446,0.11828586052268004
99df4bbf-74de-433f-bddb-7695989b52f3,5359.02137961543,3.317180848774175,88.1853571824189,86.61162401269847,25.51483906350487,6.123978473356157,143.34102032676228,106.20595975977454,0.07277806375773493
8984d528-3219-46ae-b7d7-010b53477a6f,4689.265259975196,3.110101738217378,89.79977995771054,93.1238785255485,18.18857088736834,5.590008101481677,150.17135237114965,115.0042801784385,0.038117421238465045
1236c896-ee4b-4c67-bd59-1d12aa12f4c2,4584.530690785265,3.114791696120032,82.48022245963814,91.61207771025484,24.038695631941337,5.930829458938735,141.79059126171572,121.71402007140429,0.09171996399272517
9b345144-a635-439d-ac59-64da8863ec65,4049.6417944650602,3.682002045632088,120.83281976678995,94.9053556200277,34.387424386684486,7.0429754505339535,196.1293589717025,122.10892380031507,0.061610214539416924
843c24b2-d56d-479c-a5fd-920b8c20ff78,2414.0932035450937,3.1791310765675136,112.97208531481711,105.73461827717786,25.246942943768786,5.977509086913665,191.49596895604725,138.87834356908363,0.08939250451331364
db832a0e-5d4f-4357-a94e-7c4a6f0f9103,4426.236519918201,3.823763774946805,123.36393353602617,93.87987658420009,40.13133555793801,7.293890148785087,198.42243732581392,114.28837258115502,0.06827129697309797
ecf3ccca-42f2-4f18-8e40-b275b4cdbb46,4316.932547822454,1.4002000791442089,17.570922296649158,61.91504568375299,7.077451808092752,2.8007055558574727,48.86884891151105,84.91732072886934,0.0937842542073301
f80f61e7-28a5-4071-a8b7-b80732a13d39,7753.852093282752,2.788136547329981,54.88833883909969,76.72671428038015,20.61633050539012,5.320045003568225,97.21162815533614,97.6080506960209,0.09676645131160364
4f2191cd-eaaa-455c-8951-0d0e2a68b4c0,8336.860298109445,2.652596843101944,51.495238841846316,79.08714380683134,18.384195084406223,5.031485137752977,89.60543852509686,105.8862463872464,0.06285738228973725
299ec839-7137-4a12-953d-85710206d8bd,7951.498208068057,2.8100102944342176,56.346850726144325,73.48585627743599,22.097817121534035,5.419848318002241,101.31742287084614,92.40413831414033,0.03878873710782433
436a1ce4-3893-4a51-980f-7297d88e6b58,7788.190763922914,2.8543040374436957,55.17105956897187,86.67580161931619,19.63528686305814,5.328821769737138,95.97189712026878,112.42830661695888,0.10347334256818119
1ec8e025-61db-4f66-9823-75d78246f14a,7385.609837727283,2.576334886842499,52.510196639040664,77.33526826368026,16.098975071894664,4.812361303629109,90.87723930170876,97.1348586849013,0.0989448475295133
33bf708c-40aa-46b8-9d95-edceb496e5a6,8096.011233560843,2.9169591699407125,56.28524322865287,80.58584917553307,24.797643663893652,5.584075229395037,94.46382279089889,104.85017653834959,0.1220337879351853
6ca5edde-e6c8-4d3f-b899-ce03b674d18e,7708.471332967819,2.5361466303961984,49.54780104584452,74.30149902703938,16.356700808721126,4.8051556444926815,89.49167711702623,95.2063643310137,0.07182415878912131
8267ef03-6ec8-484b-9706-2460954f4a0d,6000.160376116549,2.428238157107428,57.03669542065562,88.651408042232,12.215566769563662,4.441737726721721,98.0662642828153,120.56064145599206,0.1114037594359172
7738629d-9097-4eb4-b143-517a31bd06ac,5737.927779180134,2.8281094198549828,68.01367123294455,84.97298360654011,17.51209014566916,5.151463014285455,112.0908479381535,110.33040640693334,0.0591218316933308
c0f6c40f-337f-4432-b1c7-0593fff6c6b3,6284.455298924202,2.9691532215464296,72.12920922496389,81.51904493789152,19.92111209471973,5.462398335166703,117.96120594641823,101.49049228299472,0.04381388294247184
24ec8a1d-5656-4742-a242-cf5dfb80bebe,6241.565795000986,2.6626670019785155,64.24892766568283,89.22900352777788,15.318556111773951,4.840675117925974,105.40377166947988,119.75937296836204,0.0771361686045506
bc49055c-792b-408e-bb19-984ca2a4737e,5966.102814523167,2.9449937652543206,73.1571287891709,85.65692727318914,19.66233223482954,5.611358322223933,120.1101038276694,105.8842680952807,0.0869461780095567
1809dff2-6c6f-4fe0-a96e-988da87e4ea4,4529.15797859969,3.005223853026105,90.68260474782852,93.15334590519154,16.646880919221996,5.55156191810365,146.91090051875852,109.5543388417251,0.07873129689728402
177a6314-4bdb-4787-ae29-539799d913bd,4744.8607136245855,3.3424365340671067,99.75736630158767,96.40733172759391,25.050293004985555,6.279622755982713,158.6809194449498,121.65917516299541,0.08241011940117168
402e9254-30de-4fec-a105-59881319b539,4879.38961899095,2.5351486174471716,78.22877171249982,83.71326679798133,8.510617187600436,4.428037312387097,133.69407654450467,100.00797138494829,0.056984009034634964
bf8c735c-f3ac-4fc2-9b66-5e5174948bea,4595.380407832875,3.4220350274347946,106.44881770988977,95.2109876195866,26.252113613348012,6.330331387331692,168.8832794551033,119.1021402478712,0.04265078191994416
7189c90f-2349-4ca2-89cb-8a512358c788,3272.6756119368647,2.310342042208153,73.18610991294486,111.82360140482939,8.724735038999324,4.128721787421579,116.76233794584697,155.03503785724524,0.11602964246022736
7247bce2-6992-4d1e-bd9f-977f7453a57c,4217.939412857799,2.8053458277548993,88.63701955162036,104.03261147720424,13.707856226312538,5.254283643632009,144.5419912314199,142.534106833434,0.07721965394767849
49b8e6e5-05b5-4f85-add2-0c91f41d2579,3529.3944022839933,2.7649734810542546,86.56975632305546,103.3281734405279,13.41554221453184,5.030182423674717,143.57003893609726,146.71749812576087,0.08427000985889556
a3ddf933-5829-478b-8fe5-96409751e8d0,2220.68168369289,1.817486794738579,53.87833338102935,74.31700959811089,10.624769760233004,3.5177602564175716,99.53472554901796,107.91655007825437,0.06628463016639509
5bf963f8-5639-4fd9-8124-f0460490ce0e,3943.4537405364636,2.4398469523348068,70.79134940562355,96.45785822309381,7.996209185348457,4.139625885431506,117.56044256883945,129.60499953952876,0.08076184909639639
3103966a-0c9c-4c43-a11b-2de4964ea17f,4168.075644549867,3.2522641871032496,97.09709360392092,103.28752770114494,22.556394901951005,6.019997660157793,158.36656402682792,137.14312422683633,0.054044474331857544
c90acaf1-6305-474d-b364-90ee6e35d93f,3238.417686786508,3.1576960019235396,108.01306909130902,116.76211187593233,24.986213979273046,6.0087819186048685,176.22560558910794,153.95602831930077,0.1180010571280448
5b02eeb0-b3cc-4af7-afc9-0955d67ad167,4302.5943445355915,3.531509675131458,115.66815981455014,108.41900536801683,29.08036303869617,6.516778393766501,190.747913924329,137.57590767723758,0.043164856793599285
09d85ce8-12d4-4e2e-a9ae-1ebee40ae4fb,3206.546329116966,2.6148097280742504,98.97188030651122,101.4589679634286,13.006715181545637,4.79401294566166,159.49442146377874,144.8937830720864,0.07747033653861027
8f8363a6-1cde-4a34-9e6f-62ebff39c6aa,3811.768095998096,2.576840487993458,97.47019839652074,92.08241257866644,10.282291234407609,4.268484040298617,148.19098157249059,111.68090518498148,0.05039516770411774
8af9f311-95a3-4ed8-9337-4e5c27a0b510,8705.607162457534,2.2878294163478925,31.08989450264485,59.917331481491715,15.332009795288464,4.411941368298416,66.30351750897381,76.87147612845185,0.08859829321994214
71f56fbb-05b5-4667-b343-ba416657b672,9599.390993878142,2.19213475612301,28.63309821616775,59.032732471620825,15.271604758724044,4.3324950139476215,62.15883740333001,74.00467390895193,0.0826278237682743
1b8175d4-a882-4384-aca7-a077789ab708,8885.71005677605,2.3428668566212973,32.65380591838377,56.583968419330716,19.699022413943702,4.658040656189822,69.810781773724,68.37043726157731,0.05446729818925883
97417d5c-2717-41e1-87ea-dcf583a43443,8721.869219428507,2.1289051716308753,27.004817984084433,58.70867309393307,13.552848869507578,4.0740739541829365,59.397418963985345,77.13144344716983,0.06420883381740691
4ed40b9d-07a3-48ab-9052-7fbead665716,9077.239657426213,2.3586183000867282,33.451311975269114,59.043754215982005,18.32482019481521,4.694774553347669,69.83761255498096,71.8568037404089,0.05050258296725339
bbb4d0fd-2cab-4df6-8699-0a881a26a6ae,7690.39045180777,2.1169070934540937,29.82944331635349,55.059125993648294,14.271250686860462,4.102276401708726,64.78037503310696,63.62381273122075,0.10793276205058802
2363b232-976a-48ae-bca4-61a9c8bfa0be,8087.258770367704,2.27824913669368,32.864729807227135,64.99119439427594,15.271022402164753,4.507243683189629,66.64521389652138,85.94832202079489,0.056810050600504404
31beb7a9-1700-4c45-9b23-b1073d954b26,8317.314255462214,2.1828970655757676,32.0457709178426,64.70383093717402,13.321735013009382,4.219376535991239,65.42579304536079,85.76305443067918,0.07382678787391406
edfdaa71-3a82-4496-b9b0-c65958a3df30,6949.260535050596,2.181309157213023,31.68124086208369,65.2056227557349,14.11856165945799,4.297566120262654,68.95839454746884,86.57790097205057,0.07691651106376937
3f67bc30-07a2-4faf-8ca8-b92f409ceb9b,8274.402707254723,2.095281263454469,25.84274130783178,56.90872477641723,15.363729580500161,4.076035952302264,60.71530258490535,70.78901327385215,0.06351871496909757
7e079608-8155-4bd7-8914-7da5d7464de6,8401.547375396038,2.4821163498645857,47.1535572907234,55.76651408536871,21.74499360021182,4.91338412984301,94.61741207542781,63.786668262449865,0.08890211240574546
5da993cb-f03f-420d-bf21-4ca5530d7fa2,6686.788987139093,2.5124769114063703,51.47621988989089,65.01276022704343,18.11115060326924,4.870725518258399,97.97249495926386,83.51013414232578,0.03367438546461127
46248686-f7a6-4cda-b35c-df9a0cae787d,8042.268401359601,2.583305544267497,52.89345703542564,67.70848193445515,18.698669818473636,4.980629520357558,97.05044250149152,89.42831573204347,0.03575460434499225
27cd9968-f42d-4a29-9799-061f5cbdbfe2,6351.884579312999,2.528420825912831,52.49026501025058,72.06941917815284,18.115688734906705,4.880699038749408,97.04160778665988,99.7184503993703,0.02339980311271888
2c9e0850-5fa8-4dc0-bc67-6223b9c79f3a,8204.971894375412,2.3732062104006664,48.18125445853709,65.43693762300168,15.584754057675838,4.591642362736998,89.15832160700441,87.20176398529681,0.052777994211652725
96d6822d-b017-41b3-a86d-749c24128672,7930.712881630427,2.3321314290830824,46.2057000005054,65.6199921578351,13.921925368913975,4.511766349546061,86.77557107089352,86.75367380526485,0.06222594216143204
45ead983-1002-414b-83fb-23d6581016ae,8769.885947936462,2.7612495202587892,55.30193872217075,60.48632314747499,23.245810652821287,5.435223791512203,102.0175533160733,71.32975973715729,0.08076276563442977
2e5f9fca-19fe-49ea-8838-192667340f80,5402.475306558981,2.7229808359785466,61.257268272900106,67.39488709899084,21.79116664956779,5.399380447313703,112.15335478542846,86.26265072617753,0.024336913556331986
7f26fae0-91a6-4563-8132-7ae0dce7c8a5,7845.056040512626,2.8951556024358975,57.4980712968851,77.62435215922304,25.228040463922078,5.608316767861365,104.08405382493208,102.60825029008367,0.06655003762817899
5ccfee08-f7ec-4ba4-b2de-697fbe90ca36,5457.66033061049,2.900319015600279,67.33259299547298,69.91231808978148,24.476452794730356,5.748545514951731,121.17311868872281,88.5056591983082,0.03800559447338584
47a5477e-441d-4ab4-a279-393e5499a5e1,6578.462048217748,2.9829344825857587,68.48559768788753,69.92061611962245,25.873212241920122,5.9408880058850535,120.48592427526647,89.31213880642304,0.06242438090419225
8a2f9ca8-b55f-4b0f-b292-3c0c6685e5eb,5842.483155979271,2.7209119819619856,56.443622173161145,56.960608000377036,23.76316729756582,5.454895238004125,110.22358578871629,66.43832274225478,0.012428289837938231
e52c10ac-d11b-4e16-87bd-237269cd2de7,6311.909284127047,2.9441250143673567,68.1538674298545,80.4615874134505,23.194451386557418,5.574699204030242,115.99173235762943,106.7852660316324,0.05627659364914504
d3fee74a-ca3e-45c3-b2a3-8f9c5f938d09,6368.047486819105,2.874202776641196,67.50960486485039,75.42277738887454,21.675834621819316,5.460164021357001,115.33542965137813,97.38393751367457,0.06853789377718218
7f4fd573-3939-48ac-bac6-afafe7a000b8,6213.567997389349,2.8935236290094037,67.7879580608168,83.64053423752222,22.24270688475105,5.57517696527386,113.58685002812999,114.6107379950389,0.08544240119718595
7d8f42f2-51e0-4080-8537-928179566a4d,4434.153820890667,2.957498325945557,72.08092078970613,76.50802109516454,24.68985473353632,5.844282404565224,130.01559859046387,97.97708832165432,0.06038068440061732
fe6014bb-f7b6-449e-b81a-00c6246fef91,3787.342429287497,2.9826488896461942,77.8603078346066,84.1064966572332,24.975149525049993,5.773519449768822,138.65746330449065,111.60032024560111,0.029838312512055185
c7f65572-9a2f-49d7-a85f-35bc336fcc86,3616.055154363673,2.8259001276715625,75.43570104574303,91.9085967822202,19.974504358747108,5.349242563416539,133.09612666612907,125.2646382172307,0.06087315024649437
de71faf8-a2bd-4c98-b5bf-7638208cabca,5459.660048903743,3.0893050090452334,74.94463394649092,78.1020952092303,27.143534514587202,6.02634309990853,133.93676163450806,100.44615691093487,0.05329042392780172
c9ba7d61-64cc-4a5d-af8a-1488ea3ba108,7601.316524330245,2.3992929331868966,47.73572940645198,59.35044205730627,15.556577207765095,4.59198931939361,91.81452689319738,74.16624339068872,0.05054972969937883
10c6ddb4-438b-4247-a4bb-1cf23b784117,8593.778097134757,2.4337723582679454,52.40232693498395,54.36927730270615,16.61979284107474,4.805917173579962,100.03568155895839,62.82182351285962,0.05079984809328564
e2517c8c-1a20-4743-8e54-426e35f8d4af,8831.175571338144,2.5388506140064617,53.59390700212478,57.5648652162456,17.59477231061403,4.917556532660397,97.04162489340132,68.12048298071818,0.06803478772403931
1a6856b2-c464-4766-b73b-03d53af26d3b,8629.927242654225,2.4934273390337425,52.869962204643045,57.33841743712375,17.13079443063263,4.807040596659254,97.72329647975947,66.3166646947603,0.071095120734677
50cca171-bee0-4053-978e-c34980a45daf,8426.79029791002,2.582562049528524,56.0492112274282,57.045784154022186,19.983737796576865,5.074471901019422,102.74665421420343,67.20353868822453,0.09663391945117841
912487de-f009-404b-945a-19a6366555fb,8427.075643437001,2.4362414531243797,52.70641485259085,53.86301342970222,16.98389756179056,4.781048517454576,99.72017711919402,66.32071022005101,0.17351805468106635
4d1f64ff-ca60-44fe-bedd-59b47d01f68e,7287.640777116787,2.351633110045741,48.58485491627678,56.70087817069857,14.72710468346309,4.468485621083158,91.98924867563221,68.09793073876092,0.04603416766286375
7030168a-f82c-4124-a1e4-f0bbb580c3ce,7976.712818636149,2.473440552501427,52.94911835995083,57.423463250672754,16.841024795957175,4.833633730257934,99.30192006122921,68.11058403130491,0.0889820702305864
34d0aeff-d798-479a-900a-0f1f4a652a32,6028.928654591642,2.886063249766088,73.22056287700823,81.99511808862916,19.257815437476342,5.327749045206577,119.42469672861442,103.99118530938361,0.06594242840983149
de0d7a3c-bef9-47da-b492-9595f6aa97d7,5973.189280088884,2.863952936344014,69.60434042761429,89.80957084916727,17.33001999765148,5.225365616488184,113.87886126639188,118.25261545707848,0.0912963978873313
220154a2-4fca-4efb-8b54-dd98295866c1,5177.076485439296,2.825974190932476,71.31808693024539,80.15605719993059,16.55354700072061,5.417670363941401,117.86077219860647,112.99773962728597,0.05257108692427012
cdb35ab6-2c78-4835-847f-430c4d1ec8fe,4180.876720652467,2.9816572716252816,70.47092724454536,85.65681575441178,22.379291131849264,5.543751329146333,120.74848591278982,108.1126310327081,0.10526470987778312
e7c09db5-793e-4eeb-abad-c1c88678e2a8,4438.141088256657,2.6361294163481985,64.04611374896179,79.14250504558879,16.1891955651747,4.800740479348165,111.56709499705516,103.92826763990766,0.08495481840506122
f6a7a97f-5ab3-4631-8aa7-98d5e35a5ae7,5911.9104608727475,2.9263166896938015,77.04696711180284,87.45778650300132,18.68654008842447,5.4471593804962675,128.8562632695209,107.13304920087506,0.04154171978234833
ae3e0d19-fec2-4e60-a7aa-dae25197bb20,2953.5818829607338,2.372470876339604,80.72021633826267,90.15779947730954,11.126162492899063,4.32171834921894,145.07182395190708,125.75202318652993,0.08311123822253806
f7543877-ca82-4af3-8b42-fd441a5c95e7,2808.5418108937656,2.7662803154769984,89.80069110290412,110.8591418620567,15.453062691408014,5.182227306978125,144.73708409942668,154.35203668750285,0.12289810499453849
e4fd65d8-d9e5-4bb4-8fe0-470d85e61158,2799.097799337697,2.878256947046455,94.13752799136209,84.21448398966429,20.858727819400336,5.5272038770609315,157.22000315648236,113.61957670830299,0.08394639884748195
c8c29c61-1f7c-4512-934c-5c715ac6bab1,2801.585939149529,3.024988402344385,105.1360556052459,85.94730203839069,21.21884109349288,5.623417671975047,179.71530964405935,104.89845007272652,0.07936384262558649
3de57660-05f7-405f-8d00-deb53b859139,3781.221014916607,3.2502636540519796,103.7140995615611,92.3120968940675,23.194208577948036,5.973095869778533,170.00291732012903,110.61249588758699,0.0498136633854115
c87d404b-b8a2-4cb5-9c7e-0bda3db06810,4241.625660145583,3.4497252742047517,110.9833603445145,84.12037266307559,27.01183932361968,6.431037759240778,181.104464621354,105.63082265428687,0.06914559586096396
bf6b0d9e-2c45-497e-ba5f-e0276d3e69e5,3968.9428579543046,3.173804210950256,109.14225019986506,87.45487447650305,19.654269231327845,5.820831844741068,176.65138341979565,110.90103255255661,0.09775717038600171
cf838356-8956-4211-a3b7-7ee46e2a4f74,4153.722428710018,3.2295557829382586,106.82624266217533,73.42330056514919,25.647354071593607,6.100917640824585,176.8847276552636,83.13743330142682,0.07968426742573613
c1f45b0c-ef21-4703-bb15-499dbd585ab9,3968.8381482071577,3.3911326847298495,111.75052866869049,84.47111650040956,26.387777159365534,6.354288687764498,181.1100351145187,104.72917186649323,0.06978736472605304
7eb69a9c-6e85-42fd-84ea-73b0d3873414,3450.555599857358,3.1554977327927975,104.39084687629642,67.58940068414753,26.176158618516013,6.079293285151932,181.5049857104772,75.63159519289925,0.08242047063171139
405c271c-486b-4cd5-bacd-686dcbab8d12,4167.293411945237,3.4518250666870918,109.35222901787135,96.56155392423295,34.45438897679315,6.812457564012323,185.77179483689682,123.06268919732284,0.14273520079388308
52858103-8a0d-469c-827c-86d4852bcbf4,2541.3640790553127,3.265044627597762,112.4398583572912,92.96371313939939,30.63684401275318,6.488089239754089,193.11567970215592,115.69323924123185,0.04833014605032337
e0dc289c-2db6-4a00-852b-481a62571cf8,2568.8126268711458,3.2527383306067885,111.54487073916016,94.25983432632128,28.125378356007356,6.314206190750733,192.42011302336562,115.62021555585389,0.0564831460212907
4d65bcfc-305c-44c0-8cdb-906e296bff39,3849.1924225302796,3.304988094278282,110.84744331933969,94.52461749668089,26.946355733616137,6.297314960529646,186.04331437423144,112.04811837802592,0.1244735137144306
2a2e0cbe-0ac0-4d8a-8704-206b53c43599,2229.902463222881,3.0752493941088153,104.87512445122331,97.44759025242827,27.165598155635728,6.085743760276694,185.5014969087792,129.7911180359849,0.14458835753175914
269ee30d-c6d0-4f9e-927b-006583f92d82,2649.939108334265,3.2197054826075213,106.39911801073205,95.29519705800134,32.28623508931631,6.4083730747043965,183.09288168876418,123.98143120329267,0.08661420030563646
8a354581-8fa7-40c4-9724-dc24c13f3f57,3363.746393072963,3.2169266632174924,107.60774083336668,98.872228962001,24.6996415608722,5.943997220268363,180.61732365800913,130.11618267492298,0.1080688079541268
0a112576-5439-48d9-814b-3aa8874df4f2,3810.200363237577,3.4159685915741345,112.07740337484222,95.33090337063291,27.7639288028978,6.467869326511902,186.91308991760854,118.59233134466548,0.0513029757294637
2b69cf8c-9ac8-4c24-b785-3c2e7dd84208,10281.342463697838,2.4426760982909794,29.89527955697166,66.97874039532225,21.49870169077183,4.960675533352547,65.57252610039428,85.67974733909159,0.07274168953101226
811eea51-f7b5-4389-8e60-621932ad4ed8,10672.922383846735,2.572877877782439,31.333494190972992,64.6627110189922,26.03784191385,5.209675410052011,69.89088640686725,82.66307507295616,0.08818069982668318
711ed05d-46f6-49ee-ae02-3bb3815fafbf,10023.766227218219,2.569475235475916,37.476998463503534,68.59227562534471,23.355593961761866,5.1264381896371845,77.34541875437237,90.93806233335883,0.07214655358141658
7a78b859-cabd-4848-ae90-a1a93b56152c,9300.554615445431,2.4002523878085547,33.605992440241664,69.99911554864175,21.80626095021197,4.851554375746542,67.49383562535583,100.55040000780116,0.08610576710459719
58f345a5-bff7-4588-8aed-242429cc18c8,10803.106219397361,2.571969707227608,31.023970196972506,61.95895180285242,26.2013369857155,5.260190048893233,67.55793672871398,77.63076581132984,0.1479962051481631
6331d4be-029c-4dda-9ae0-40b78b721fb1,9812.100210446233,2.7028179345745453,44.15226740238942,69.55370440505146,25.864887345462712,5.39982022278557,82.37844367355495,94.00270386698985,0.0790453892429984
65317279-7f27-48f5-829c-8e55ebd77416,10628.224716636705,2.602458406330567,29.04031395129809,62.354063841386974,28.650560686587916,5.39564982777162,63.86121390569552,80.30799206680008,0.1615198137477702
a4acabb8-32dd-4bc4-8540-b04f30bb9bac,8007.141399025242,2.6909313897013725,49.66496567077698,73.84548173037975,22.750688292996717,5.245168130927767,85.41770422477158,101.84178427538794,0.07622765708206114
7e2f15da-059c-4c99-9ac8-09063e93ffb1,8938.796860602459,2.771586937635581,50.2578907513093,74.28967133795614,25.98738234081843,5.484372271818237,87.53451539873015,101.08124273546586,0.1345575719231695
f381f2a6-c8bd-4307-bdce-deac9f2e0ea9,10480.825688928478,2.7237092867367894,37.72937680186204,73.8166554721516,29.215402533470716,5.493516948630749,77.61537768463975,97.82865437014001,0.08502297877574394
882e89b4-c30f-477d-b6f1-ff59be58f739,10283.366835417535,2.3944793585603072,27.967045162661762,66.64793415197678,20.770376015282537,4.9236097410175255,63.65808362507949,84.92310722355926,0.12420556982630478
76c41008-1f57-43b9-9d96-acf2b4ba83c7,8729.239785708662,2.842762444850766,46.193553563780526,66.64786949269163,31.537765900100986,5.852988974675039,89.68054588683626,91.06246210933384,0.1091376517071774
edb21d76-70d8-463a-af54-c01f50d30964,10824.172869185135,2.5957620896257065,31.162407245704014,65.97465993640698,30.04825742300814,5.409182534885955,70.40889172542111,83.61982470682753,0.15415013402775887
1460f406-f28f-4fe1-aa38-cc555fa519bf,8311.747044824318,3.3781711553367515,76.12927020343332,85.95941066619332,35.877314735310435,6.679073249697864,129.78643770951794,107.25772703717558,0.050560526331126274
6124fde6-5e49-4079-a928-f8d1d028a18e,8072.7291133238705,3.3307017954289018,77.09709301397763,82.31014048953234,36.26444160138851,6.7405382702206404,129.7519413214878,107.50518718709007,0.019875199119659077
30cdcf9a-3f9e-405f-9fdd-5938fb73d111,9906.438680400335,3.0178345217337923,57.493260342910894,81.90075634673406,29.8297176942802,6.088367241140615,104.68551810777213,102.53942393717756,0.06632114943761173
b19bc9d6-67ec-4932-bcf6-a6dfb4f28f9b,8748.341117719678,3.2964309448438653,73.28752722768402,83.78513069931213,37.60724605733357,6.734128354001561,124.70675089154696,100.32296152336912,0.04338291317226817
02a5cd93-2752-4041-95a9-808b518bd3a6,6233.193746947438,3.25209466289899,81.66306370868438,86.74947626991107,25.036134907773672,6.151784292610502,133.56009664081242,103.66852476358065,0.07419954141411025
dacbac37-665d-45c8-b2ac-4e65985d9d8a,7830.228717086473,3.400093612243419,74.81265166813714,90.25254621264398,38.60636226466476,6.875109824908163,125.17283752566291,121.5911440618071,0.08794707882304129
5e183986-860e-439f-83b4-96c65f91e03f,8940.24996199767,3.2523223700613606,68.7392782703806,81.17095874062292,36.988270177425115,6.670951784554656,122.59449331344578,96.10930850990019,0.07535572725094623
d9eb7828-ecee-42bf-bf6e-415306b26229,7255.498898962047,3.3438909033086546,78.96070111894898,87.46602782730533,34.14557649883486,6.597926258928457,130.05344058519603,114.47218677649043,0.06630860371618004
600fc5d2-47a6-4791-bc3e-aa7f8dea33fb,8452.714732514962,3.3885413125328903,76.67622394356042,83.75647225818476,37.750972817293274,6.777522425828044,129.37921431124818,110.61678198454464,0.08560559564999454
5519dcab-f1a9-4ba7-90d8-e2988c74b9d3,6843.996512747077,3.2808467553522602,78.38646328757304,83.69603263262684,27.186115991312636,6.231471239661245,127.80559872683762,99.26431031887174,0.09313129199731754
8c11f57a-dff0-44eb-953f-cecb8485a64a,7843.8032213952465,3.4237266388868113,78.17590552093407,86.69993187863003,38.09387570851419,6.856518111777577,129.7251547015313,110.21861776083458,0.04118351084935726
53ed3e03-0979-4756-a3aa-88ad687c733a,9486.322862488927,3.3435922801990765,74.04264348575161,84.32767828171558,38.282093946028226,6.700455706158427,128.0980740659235,106.95578199189261,0.11349871564400263
6b7b2603-5212-41e6-8988-682615cb7849,6098.203029760544,3.5775682826927975,101.39615843204754,97.39438007460399,35.66391748909463,6.89506837849931,162.06414431013272,126.54587188120239,0.10855861535021477
0ebcc94d-f14a-41cc-8174-65b050cd5452,4898.729227163526,3.684377076416092,109.83248757100245,94.19375925841712,38.807730410580774,7.103517612852665,180.79056930890553,117.7099026452193,0.036767795746689286
3020d009-598d-4cca-a232-72a3276f5996,7162.635565336364,3.3825441201392596,91.20047508918434,90.81684755303422,33.183780723569264,6.539593291097319,148.89883880626593,108.91210521181583,0.0792773653554185
2fa8c8dd-c692-4cc1-8617-a49c5ef3816b,2917.207847836051,2.024870662887208,83.31850837925943,82.29038619835423,9.97835830063831,3.794547876100344,141.75541726075977,114.19978688659168,0.13218710363683991
b001ea34-55c1-4124-b0db-49b0fb2d10e3,3402.099651401076,2.2729015139734474,71.2765384411319,94.38545729052808,7.4438331231933645,3.9643662726039572,118.43198364139715,135.04802314340412,0.1031928606840693
9120aae9-07ed-4a24-8743-8f27348d9069,4117.608983336408,3.2732477536482643,103.66735859291197,84.80756175297222,20.835542431252936,5.861320218670161,164.58191340805053,101.35046632507346,0.09405822242571724
1a439799-b52b-4b52-8518-e179233ebf3f,3025.3050110335607,3.2596264507586774,102.4397497310951,102.11310865440589,26.15751686534132,6.111843070954656,172.7224206033958,138.88184186508016,0.08351948690787868
8cb83fd7-c0c7-4e05-bd7f-191a91eb0537,6354.802280772068,3.5519398190379396,101.89633232628356,86.02999923735209,34.90127972644923,6.813554481305349,166.46836624180207,97.53711052121074,0.053121733623021056
e9a42a3e-8d9d-4680-82d9-0ddb5443d583,5515.100340934252,3.4440537026774716,95.19820076131919,91.26279945664567,38.37104472822355,6.847856525166832,158.80843748587304,122.61864806801512,0.0345479138054057
800048ac-92f1-4c1a-aa76-b6272b8fa68d,2948.3655340310115,3.116944084470496,93.42749674214323,86.74164177100133,24.782313286946422,5.8986076932643865,161.47365297340096,106.87894692800452,0.056066674168556735
23cfdb37-3d15-4959-a6dc-c1bd807f35f5,5322.803378942848,3.6233857055583263,101.85363585332561,109.30764606783289,34.460668445599445,6.995037726838409,161.81472001310343,151.49512056949877,0.09825857400247143
88df1da8-30f4-46ee-bf3b-23366806b804,5233.091528341962,3.642600274606923,107.01776343252229,98.73080714521981,39.139790397476396,7.070256518872837,172.21485862360478,130.77801194855618,0.06966291533776467
c5521f35-0cb6-466c-820d-695d2c1a35e8,4357.864645840354,3.7932126305695024,121.15220468520711,110.5705119254809,39.67017712612771,7.288332862299235,188.77055211673854,136.58333773985032,0.07271825578219096
a64c2412-5cf7-437a-9045-b9733860d94a,7384.968968090454,2.151729454790691,27.11088289094272,69.88152360945303,14.59003082126238,4.3025852127325726,61.70497221541865,94.12308038653592,0.058095229180933496
626b146b-7017-42f1-af6f-0cecba2108d8,7223.590080753644,2.13858195432411,28.880382862371867,65.24562802603342,14.480333303140023,4.2264440638610195,65.33106294257979,87.77357799314215,0.04594028279749443
18dc6f56-fa93-4c6a-9076-0adb5bfa044d,7874.355440832838,2.1145027216102874,26.669777942139977,69.48035461202971,13.830430845957446,4.10398969240576,59.92612247277924,92.7759625102241,0.07815223202213727
0e78f06f-364e-4142-9789-45523ee344ed,8323.358548492153,2.2983220614591993,30.545877735922677,71.79316245338738,16.491682835266474,4.587375763454142,67.14529274244205,97.60782094414992,0.05609301534479013
29df8e66-e049-485b-8a15-44022f9e4457,6348.588223207866,2.026465991815432,26.846559338187234,63.16805170080645,13.105401937322329,3.949409539482339,62.65840927284814,83.86766179799554,0.049757185583849145
594b9d76-8ff5-4a6f-a284-7eb65332d8ae,6317.318622981451,2.120097307480367,31.454047582697193,63.21577872689346,15.77919901975832,4.2213945684029905,71.9178716210604,83.18359731242062,0.032302272589010105
b414106d-471c-45a1-aff6-04f8257d8d7a,7742.130760043874,2.168735678254902,29.826837231887094,64.84469296748827,14.42481943432841,4.287284386510744,67.6244202460484,85.41384153678271,0.053300145747033595
98c365b8-ef8e-4a14-836d-d1bc51411f2e,4654.109719709475,1.720415094413323,27.81474913031507,61.462618346742346,9.143548885825913,3.326311563087462,60.0487340949437,84.69046080397125,0.0344413591143681
5aa93839-90d8-4640-9e69-a90b49869a02,8112.410872649549,2.243670821809024,30.885152224911607,70.37246302930961,13.748220731716586,4.39194578550426,65.74033427354972,97.53999069901529,0.09469744601719798
62d07d39-212f-4256-ace0-c9283c478a32,5167.63080482372,2.0563125440673997,40.429652397978394,72.19357269128534,8.154657123117975,3.803048939762402,79.55714604213017,96.63572944597198,0.05570840273490058
81b6ad62-f9af-44ae-bf7e-d79364f93da9,6326.226312534014,2.3997449722992057,44.5823324380127,76.49699350201712,14.345228642349987,4.580280680549488,85.33169748612798,106.35541211363744,0.10064034579510278
11516818-7500-43be-b4f4-c33a50a4810e,7149.896530915848,2.197098926984831,38.76435317783694,71.26436106162897,13.458522722957419,4.218991358428762,79.59253100186264,94.70146007098921,0.06545513536715572
884d0b29-e1d1-449f-a67d-4c648a6ba7c6,5282.285218118766,2.0979721601900976,35.87812040525796,74.06256164475741,12.595092628473019,4.066294843302142,72.63024072262945,101.81084971092602,0.08681073587213306
d993a8a6-f72a-4929-9515-45bffec0fd5d,5838.311070098857,2.222724538469683,38.048434635750915,75.51527664975777,13.968682362247197,4.273780825530501,77.06159262722713,102.9909113633594,0.06642295177410977
d204df6d-229e-459a-b069-5201460eebd1,5394.554914263055,2.056154017230895,37.556405977993876,69.79630186358307,12.590132121181279,4.03009263458069,77.15755391358276,93.3575453673669,0.056903914826737845
0f71d273-be39-4d34-ae51-706fbe97355e,8889.266708119501,2.3637052029527426,31.867823632981345,70.04432949690005,18.342835258555578,4.728468400596299,70.1190150134638,91.47322994053357,0.07787588253899909
a2cfb7ae-748b-4ebe-bd57-745b7baad388,9720.608258828699,2.2010390213912787,25.982981971524236,70.79013427928457,18.394050058873322,4.400731371824522,60.11343118010578,95.05535141405959,0.0391764474589477
e14e7edc-a174-4690-b21d-742addbad31e,10283.487843556191,2.389712534214009,28.528014648913732,70.81356995229721,17.8780408073211,4.760751453767622,63.27951948555808,95.24861503065765,0.1218934418486935
77fac6f3-7985-4417-9826-06f4f0f6de90,9580.398983702471,2.684555140286757,40.87207639215889,74.37665523545887,25.18852230536369,5.384134545124763,81.6760360494535,99.38839028810006,0.08645431071419027
d80b3ada-00a7-46f5-9266-6b33c5278833,8169.642532321608,3.0464184824508607,59.49246390178743,89.16995316945471,27.319957266669253,6.000113386814055,104.92269051215285,124.06724137739657,0.05699884272524007
e3ee2a69-dd33-45d1-93c1-fa1a252764ad,7606.774699901083,2.9123739094566417,57.742915074483335,85.63810527648398,25.603433095207265,5.802808890371667,105.07290306985635,117.65402827532532,0.058752009374788985
a4086271-7625-4afe-85d4-4a5358ac3802,7676.926491725459,2.9154606697267162,56.796123636624145,83.79624126943462,25.05963418614933,5.728996388057118,102.55251470163924,114.85573311449951,0.043708612206180074
fe51bc38-794b-4721-95d8-60dd21ba6420,8648.206437885154,3.1107274045380082,61.801960148619045,88.44196682824305,29.493592708993738,6.1508745189219045,106.77769790274706,118.65560759781789,0.04664622339798544
92710ad7-c09f-4350-b8b9-41b30198c83a,8211.832168347511,3.078418618844684,62.042357541573125,89.23846955550431,27.24885425451518,6.040061454223941,108.78304047604661,121.93794714220144,0.059917244216600885
c931b3b5-8ab5-40c4-8a4a-259d98157f28,8106.800151347119,2.996244420590316,60.82909546550151,89.66693755771719,26.04370119617171,5.903583771721683,108.33404700970314,124.41656245876632,0.0974383869427939
a2559f6a-4bbb-4d31-a972-a461d223a56b,6447.5770107861235,3.123001648645452,75.61009780223782,90.6706413433762,24.983496356373625,5.964497218119121,127.73643714957745,118.20432061651809,0.09307703153366849
18f9c31b-6fdd-454e-8cff-8903bf1580b6,6396.503096351722,3.101317706778353,76.30361795168996,90.44726583441081,24.635712499124423,5.910732397089387,127.59712756065235,117.60424475310509,0.08650441273527314
384fa8be-a5e2-41c9-b20d-1264cc394bb3,5854.452289863278,3.1186215371999584,79.77810318006452,74.89109732668379,23.86776968995173,6.002549442127169,134.47178418972186,91.5680469902149,0.02056009937782993
0c8fe8f8-e48d-4f03-9a97-3567e385d944,6522.837826189307,3.195630809600087,74.65461364325483,95.60229136134812,26.854627375932935,6.101645482973183,119.9395548008213,128.09257655053892,0.07481538420633863
5c95acbd-e97d-4d49-8f16-bca50d740e7e,3185.151702896839,3.1924403622034596,98.75309003794631,114.83252907262977,24.172255717759235,6.053587109250408,156.50696076319136,156.87006869772375,0.09108513191631853
7e1fd6b6-18cc-4e78-9f0a-d13d4df2f75a,3426.2917488152043,3.453157046493013,104.00995244414915,114.99504798097621,24.925966683661386,6.344646268047599,166.85972700113052,153.62980502629253,0.07773358486037257
2e60320d-9c08-4658-ab09-6d72f4dd56f0,4011.151271587166,3.6382512743756577,114.64687973420038,107.80755221242676,27.95840116584212,6.722210857918625,165.4194332489564,144.77988184715636,0.10287889378786992
0005d96c-d62d-438c-ae78-3f2f921671c0,4284.765263079405,2.9604504295889447,100.85845576253203,114.0626167935747,13.766994776088207,5.266842340396178,144.2370527404475,149.9079671055587,0.10517870232443917
e5c68944-11e8-4773-b54b-1d0e29a9c501,3200.4023772994515,3.3478159748808407,113.7525172784271,105.99059747118201,26.511496810168744,6.222909366332168,187.82004401764206,134.90157483948758,0.0912223994550599
6aa550b4-de20-4de0-96d1-8ef6337efe74,9204.665476723852,2.911098420131115,48.398597355793825,68.41101804296704,33.011626690108635,5.863842530498453,90.49002027566934,88.45623927992308,4.098239670894982
ef9e0944-3d04-4645-ab30-72c0cd9d2573,5585.418815608922,3.359637127499161,90.6649989863984,86.7305816208019,30.160649500551983,6.245429838842951,143.87827923624084,110.91745158416079,4.128461076226468
4919e709-fb21-4ae2-a3ef-f490477cc1c1,5376.245711886213,3.322743022847659,85.99592622327742,88.3307201675907,30.129614702561557,6.147049611271605,137.57324723486863,116.01719915658308,4.118459636183015
dca02455-c25d-42b7-9330-4ffc55eb94d1,5402.7097284973615,3.309825770187757,83.67777024414147,85.84865744001199,33.604013788286,6.230851640208593,138.5900779393629,113.69137760196135,4.140601531762275
ca14db53-a416-499b-a322-884f51d04cae,4952.778510085173,3.2653248064712477,89.70419554336475,92.75972637166615,28.695933070492927,6.116826597032011,146.33288377399566,124.73726810264954,4.080166191124161
78a82d62-83a0-4602-b719-208543ba6935,6444.5983169951,3.426089670422912,84.64679751201848,87.87280846391361,36.00991844192213,6.616488053209752,132.09059893675786,117.43236905241037,3.9992111621469855
d0ef78d6-e85d-4593-ac0b-aa54402cbd31,5911.715524490593,3.5676896837708103,94.74491610778345,88.89490188493998,38.44299470563362,6.893623814415475,151.60934938172466,115.22445619065985,4.103515286947243
21af0443-5c68-45e9-9c1e-789f5d093c0c,5869.466339089849,3.526188773274696,95.31451898238927,89.31112596993432,34.30424572824684,6.676294141383016,150.66384273231412,116.42753747485814,4.131124479488443
bc3ef580-6cf8-4c77-8005-d545b0efd78f,2787.936614770016,2.3001493246884617,68.09774551715348,93.2978853185435,15.45980121747421,4.386349068754148,119.87984410238938,133.2698387839072,4.05343392636445
01607d19-c9c1-4575-ac6b-5b43a2d14ad0,5348.054020185667,3.807724582255177,120.99740839980446,80.11041062902629,41.60244868369375,7.32829950318567,184.53217074840572,101.76273921066692,4.158311009534449
cebf556b-3c9f-43e1-b246-59261e14d1d5,5455.44434274257,3.776199383432769,112.79876022048961,92.35164685566406,38.14130825804427,7.207042116155832,165.66294084551197,110.09493666906988,4.117210635984919
1ebbf713-76cd-4cd8-9dc0-b9ce1163f5c2,5206.839336116847,3.770559090452637,117.90175444001174,75.79919035299321,41.430956080350875,7.254418621762545,181.8847940226035,91.72191892371538,4.090865938870387
a1ba7c1a-611d-4cdd-bc0f-f5f827da6ace,4239.584400724018,3.539702558270439,114.43146840385906,111.60060609721452,29.82797584346808,6.385457876736648,165.58828963803035,155.931675857615,4.128122522257427
709cd420-d4cb-4cc8-adf7-6163521ee4df,4473.098886423434,3.2856164978991798,111.02911333943106,93.12136452077885,21.436173356278992,5.71725288028607,167.56809806291005,115.10339673873708,4.173033490598114
d37d1eb8-403a-4402-8e57-1bf48931a378,4081.7616435914942,3.4753029942141582,109.75368413264948,113.45253852332041,29.138424495932245,6.296897681321064,158.4465471176252,155.3330389106753,4.0948619444369925
7b0c4a3a-d129-4ea3-80fd-8da3b1544e20,3973.2926490250393,3.885572224655209,127.32311067338341,103.2043883087354,41.26415592848397,7.465304994806569,196.60506654844707,129.22518671245757,4.182333003486511
23e1378f-bb0d-467e-a1ac-2d1da844b1d5,4081.179482288303,3.4262784041227565,112.17378312665409,111.0442517261009,22.538187465503835,6.100444319099531,168.3256222490292,140.9560103071442,4.0662728019696335
3d5be2f3-a6de-4bbe-b32f-2456c6f748ff,3953.532753730144,3.8005113273334086,127.4284603820393,92.17197507945606,41.68311105696421,7.2901530747677326,199.12148930009215,121.72356710204869,4.130028791713396
5f5203d4-2407-40f0-ac90-337aa8737b6d,3927.564231613944,3.8834417190874344,128.21507263730393,109.42100245659809,41.34806139037709,7.421890429935934,192.8600844805191,147.76288504659425,4.1588089056276445
75e2b84d-8e77-4630-9696-964551e660ac,8718.796510974726,1.8563098052748754,18.361507721236688,54.150922594883,14.324398555293083,3.750677972321396,50.34069099494513,69.40610074764544,3.8464889447995647
2c44df38-add0-4a93-ba7a-e4ddaa5de994,8881.33364862948,1.9469916548234203,20.132315402073637,54.75514918577566,16.233029895664327,3.9640499363159343,56.34068412727057,70.28230926573714,3.877111596470287
17b91547-399f-4c34-a2c2-4182ff6128de,9874.031430560339,2.408593999092802,34.14041051881273,51.0960955941098,23.79854525838453,4.787131176488701,69.89521117830975,67.86286256367755,4.035475257800544
b963f519-ad14-4fd2-a9f2-b3863f371dd7,8452.690564758712,2.388785223797477,47.06731080430628,51.664114976096435,19.281607147860676,4.607591476695697,88.5462844601802,63.58659692593711,4.03333580672715
50d80b16-a74f-423f-8ea3-6c2c89414379,8326.53871924289,1.9587413869619283,25.360551281708226,48.71653998831127,17.483082679788726,3.9651748511005924,59.721895320380284,62.22562500194819,4.086031895908683
d229efab-1f05-4fb8-bf4f-bdb69205b3a6,9600.647090288587,2.597504922263067,39.64791274764389,52.08250584158796,28.80822318232861,5.241464754163425,75.99809652507992,69.13904952303326,4.048128186902189
07325bbc-403f-4f68-9eb2-e3c6ac59ed8e,8970.141721636612,2.6086293987828992,47.14440881700913,60.032279080630786,26.705228498251657,5.270249177435975,88.71463755012351,80.16273022651482,4.121600536526996
6aa06ec2-b8d0-4c08-948c-9e01cb321bd8,9356.31496743337,2.8827640103772225,55.113372696230805,58.640437097438934,32.48040130902604,5.865359898553203,99.02600709660554,76.48962650080358,4.193009039517904
61168ee3-3b6f-45b9-a131-1c1bd9782c7e,9582.452359079174,2.9559631419239074,53.23796189483615,60.889550124277875,34.85745516427899,6.032000358351074,95.95085671914937,83.02647518615167,4.160065135012972
68c23beb-d282-4e94-aa8f-eb4ec23b41b3,6876.11232203337,2.548053971515156,53.69074615055797,58.30802176797768,21.152271889215886,4.8653665799907255,97.63267180601902,77.42681190952861,4.138566060720854
106528e7-c4ef-45ad-98aa-f37fb69ac08b,8692.641187593643,3.0323930840211206,55.197112199759445,57.34188783039685,36.92010056595558,6.112091844546815,98.90222205142601,74.61815959799648,4.05612765448779
fecdb32e-fac9-4d28-a158-8870eb7d6b3d,9113.220403997018,2.8437104469428736,58.02599843853082,61.39194839624919,30.28150070094945,5.761875770927599,103.90177834664422,84.5342273899083,4.175776284265599
cbdc8c1e-e99c-4db8-a2b6-537ba7957fe6,8657.135091958946,2.960781871326996,61.007247386898285,59.579978473356775,33.536745921216976,5.966134021881283,108.10527055683124,77.24239037813098,4.090795690891512
87c369dc-f2ac-44fb-8f7c-fdfafdf1cee6,3957.884374319571,2.4574621354694637,90.56076029622955,79.43893611496075,11.986912138188842,4.114559671339217,145.35364002092882,99.23170278300148,4.1402906706078415
25bcd913-d38d-48ed-9749-ec7e294d2363,4005.6369660915907,3.4245428377410363,107.47221014304878,84.02643814522831,30.688169655414097,6.238006027163476,167.12110055618353,110.96322619669945,4.1068228626693255
8ff20b41-3b51-4f98-af60-c00a5cd325b0,5102.736053654626,3.5398874470856754,98.26597845750378,96.12779099742062,35.60442779979994,6.69415245632525,156.3171653278204,121.78649893219509,4.160643737563096
a334efdb-4543-4367-a285-0938fce9ed28,5021.463595340969,3.63257166537705,105.71717652398951,88.14963381636257,36.394338331114625,6.970555497986908,166.69692653203083,109.4531474997992,4.122687135782001
867451e8-3d88-43df-bb7a-022c6ee3b817,4627.057809838887,3.3981939305598665,106.59623563541871,85.613351551953,28.942799612729956,6.29437282957938,167.84522393167887,111.32042806180871,4.190729084759987
45df124d-222a-47e0-b027-f1e1e5e04b84,3309.2050825234774,2.231585283869281,78.61494811801612,76.25475573697034,8.58929881396821,3.837538072680295,135.68468036977674,92.72278012290775,4.151299187016775
17bdef92-9106-49cb-9981-56923782256b,3792.2634669603035,3.608986648104822,116.83069616076799,98.32397327576768,34.607535625999894,6.620426634306663,183.14792165296674,130.0062839186244,4.137769730701276
7e7982e1-2ccb-42bb-b56f-29f17f09ae92,3704.440471632416,3.3279552282224723,104.04550949643286,96.97411158059566,30.604213910508907,6.362382543013846,168.3318998194609,134.0493719935749,4.1199990249186875
e2df596a-f7d8-469a-a8a3-02c082941062,3562.7102974662785,3.458692408500525,111.77407529820431,102.4897074186157,31.06995871043889,6.390907455750336,177.78059971390286,140.08709932393683,4.089567096834761
cf05a58e-d302-4e0a-aab1-1bedf6dcf6a8,4548.264485569671,3.6623678909151813,103.15230851229981,108.44302519296369,35.63745483779955,6.956030771075052,162.86028355741965,143.11976901134022,4.1286016398208885
bc18c858-b336-4f73-9907-bf2fa498d26a,4128.159802453714,3.475061787383778,101.13922236551176,110.5036717715929,28.726759460741533,6.3813852457799864,157.0904725365669,149.85907659560627,4.145077302011501
f6fe4930-6696-4475-8e7c-81c4be5db95b,8961.284483318226,3.0427208537750876,54.739869719491736,74.78998519172204,29.500998394339348,6.0658500078212825,95.35693886977454,97.29086587232013,0.060421958235175516
555bb265-c8f9-411c-872a-7862ff169509,9653.554272677864,3.0173788452643215,54.938645440603125,74.38501662789756,30.525205714958012,6.057553480837161,98.32900484290576,98.2039881886266,0.1245032402057121
908b73c3-eb03-45cd-9084-a460ea533503,8798.884914229637,3.0866137685272763,55.44640158133822,75.84912834316378,30.87147964840939,6.22710868023349,97.3182387172436,98.94052293667266,0.0563364077997392
4cedc75d-21bd-4008-a28e-091e928f3940,8076.29083005887,3.2888458892352697,67.87849822762743,83.31387487332854,30.194891583571504,6.337886185669525,115.56289220650402,106.84453760422723,0.08305668137503133
b8a7b0b5-5ec4-4808-b8b6-7d2c216fee8f,8572.135360016331,3.201278129637619,59.250352343317644,84.4638835182775,31.7371615313397,6.419941480473753,102.69362496713283,112.15953182297694,0.10019839058586621
d189b858-63ab-4e3f-b87a-8f8cd17329e0,6924.2272322833405,3.37815210710034,76.09350892629291,96.21477850769224,30.069029014019957,6.385716001897938,121.24332824863697,133.22439599623647,0.10055100170065162
ceaa13ad-a3b5-4a1d-9c26-54c498f11dd6,6967.4412812360215,3.3692369455139923,77.2949212686702,90.37944367043487,31.963666154215133,6.464361551065337,123.10767762074997,122.00017917682358,0.06283085050239609
dd8ba49c-b7c5-4f96-b617-1e0f5466d1a5,6518.795340623785,3.388782764739748,78.78717013072874,88.90332255809777,28.735941987394398,6.456361470361804,124.59844927717316,118.27458941187385,0.08383990763912039
9c80436f-e809-48f6-8213-5109dd9a1877,6650.33317108452,3.35631652338522,80.39234683444135,85.2919268731784,29.041084399424683,6.3805802759964045,126.00025414016605,106.5339758698101,0.09975244605477898
667ce2f6-9420-4c94-8e58-54497595b6bf,6691.936493593239,3.425508817901335,81.13488421456023,85.95222476256463,30.656460721082798,6.508583031705621,129.28954640677307,109.81889902942916,0.10072893865308113
60f8f484-4427-4a2f-aca8-38f6c7f82bb3,7044.074467110419,3.39121974988445,78.8832239718047,92.94914154076429,30.12178070589357,6.447786131485364,122.27915311555401,123.06988989507067,0.09541667505735216
a7f0545e-40f6-4780-b95d-24bed8ddffbe,5835.247100382368,3.5242689858270637,93.82775389333699,102.2747512595387,31.35364434934676,6.690153577404445,145.5065955255952,135.32072317227096,0.09047370113211423
7c37d01a-416e-43f3-b8dd-c867b60f6019,5290.110366280617,3.5032924523918583,96.35228179686789,104.31060286917157,27.60420673766552,6.478711132889234,149.19945102710687,139.68146704628953,0.13714171180456694
122cf304-d210-48f5-880c-738bcf3f3175,6185.955109450913,3.3956445011151795,83.68728049602305,96.58038236503542,28.543583567982324,6.4003647247457955,127.49892311585604,130.03424986502273,0.09925442030345114
1a243cc2-86be-416c-b60b-abe68f24d7f6,5535.114364617634,3.5690741542569038,95.20312188668191,102.91235803616024,30.39485232858857,6.734336863450586,146.4298954775084,136.29768053994343,0.09498476422981772
5527ed5d-ac5d-475d-a255-10c9eb7e6b34,5224.506316782908,3.916549023169808,112.9392072789902,102.73780500223359,36.98860468440449,7.483652300863843,166.05446475233933,137.13526468338523,0.10276514392332367
f3483722-d785-44ea-b67d-838cf679dd04,5060.1493499683575,3.7820498406535075,111.30028845417937,105.5728733630428,31.91889122217527,7.1404059733291385,164.44331841361148,138.4037780365695,0.15133040691385435
b3671c29-a9f7-42e5-a56f-eaedfa9556a4,4750.412847936578,3.6136936439181047,101.80400468515762,101.57581075805646,33.54632399176657,7.020231383622919,158.29902405202213,135.45086946896652,0.09768612782574439
f384dcbb-abe5-44cc-846a-961165b35852,4898.595981624425,3.571321272867988,101.31474611365377,116.11189426384752,26.786027730998498,6.553899674011458,147.94554601926876,156.88561946645393,0.12964022878160641
23a821e2-f8bc-4fbb-9b18-854030b3120b,4931.482001240669,3.7182574336744487,107.48615785014317,105.93719399055684,31.9790721329303,6.903359750939114,161.45908269755392,132.0880000689167,0.06280941125646684
2253aa96-10d2-4d28-97e9-57a693109c38,3938.019900629574,3.461045036570847,107.69643133613849,94.46991878869078,28.63708411994143,6.622066792890731,171.3293805082431,116.01744632318098,0.11783042029998778
d4f73923-893e-4641-98e2-10883cb6546d,4285.623738272107,3.901130484303103,127.10203367175097,111.78219270837661,36.29038034096246,7.374907321465539,189.3260072295614,148.4629738202309,0.1361984098626144
00603ab2-5029-4742-83a9-a8702b588db2,4196.222037185345,3.879462734226461,122.12011640578082,116.0085976985458,36.82079472837508,7.35682928956307,186.9893335260844,156.70910728800536,0.10923149112513311
d559dde4-9596-4b84-b1b6-afc08a391dd3,3383.9048978325727,3.4388201952172457,110.61402327370047,108.07478071064054,30.705699106558274,6.6777365385352505,177.77749886965813,154.84122939571188,0.09898346710619414
58d181bc-e1a6-4bc6-ba83-9dc11f61ea53,3548.3697595462345,3.915706060343375,125.99519882206337,112.2116334187779,39.83723187853302,7.491680534268735,191.69513907142732,156.19562051980898,0.09719876347257923
92fc98d0-2335-4db7-bb25-e9f3834cf98d,3973.2233910656596,3.9296369444063775,125.12166813672228,114.81388777223668,39.58285723845053,7.460389714173905,189.0372211166047,155.27911550371158,0.12001009976775483
59638051-02b4-48fd-b06e-4b3fe2c5bb08,3674.7375195611485,3.9677572966464787,129.50033704594597,102.4931853786864,37.54038577979845,7.456064311120311,198.72942178759675,134.57278421773543,0.10788751944892018
417947bf-f39d-403c-91a6-c4179d8046cc,3653.6475196445253,3.834495093124233,127.21945455973463,114.21028910527386,34.47240169586844,7.215541930864996,192.12411336868098,154.29772464144034,0.11070984213188667
8522d098-392c-47e7-ae73-2727f07522fd,3841.247798492266,3.942690753518532,126.40547255976833,115.38000907616002,40.01448746935837,7.529646967656434,190.77250098312214,158.4193880635214,0.1294773446029272
6d673fd3-c726-4224-a8fd-7008d82731ba,8651.811585857777,2.9834043507732924,48.416672803256006,63.59131624804637,36.546458841601535,6.053746611891149,95.50209177573879,81.20436617764977,4.095626065758452
de71bb99-36ba-4174-9049-51a4a6e79809,9099.125538766208,2.7748201581286502,47.91137242604431,59.370745188754015,33.11772037661399,5.648238547410884,92.99222566942643,74.03829433576327,4.137418759943964
c61e8a00-2f31-4cf5-a3e2-814cf41cf2ae,8701.36030512353,2.9728357212740537,47.985789518325134,67.85165734792015,35.983504233401206,6.033886077048706,88.91157418682772,91.66884409013102,4.064607516114897
a02a5343-c2dd-485a-97b0-5f845779cf8a,7170.200509581554,3.063060830451085,68.9134417436806,62.81764612126024,34.53553978900772,6.173278766660149,122.00234840351138,77.92958395979555,4.1364373418769524
64de4980-e396-49d4-b694-a0cf1d206141,6855.751923041502,3.1243672404850584,71.6535268409615,72.84820564851383,34.21272756395263,6.199190581092101,124.02685230595992,93.81757496141418,4.113410435311486
b9885aeb-b795-4e0b-9b12-e52716b17d89,6775.470484086484,3.0511054937821354,65.96876700371833,81.02216652041014,29.340424735425792,5.851256060297223,111.16130327739913,110.81870623192282,4.002003264192155
f24b096b-d21d-4633-ba2b-490b87651b4f,5368.0849667785205,2.6608709799476573,61.20821529513228,70.61531215935324,20.721429776001628,5.024336406899728,107.78431925878103,93.44322783820036,4.124356603190892
c2f372d0-ea2e-4062-ac28-ee5abd6aa681,6318.22370877382,3.063662443497024,61.68908976164406,81.01928482032055,29.979481327533136,5.966950137295829,109.07153129634031,110.24565916608668,4.0486626686289
3cc1c06b-9c8e-453c-b674-1cf2ed44635b,7396.431595244152,3.1433355560039944,67.94751482897507,62.25301187773843,35.3577792565495,6.304974930190173,117.98264380263183,69.90848749253982,3.968326675145061
e123a7d4-9a17-478c-8eea-5f1f3d5113ee,3960.963333560701,3.148230868770285,86.42384188492333,92.76661201909664,26.49106441937606,5.8025522289566425,144.37561140563872,125.9873360457301,3.954634184402627
039a56c8-b91b-494b-bee7-2f3aa3b50e3e,2594.4590682114062,1.8737745598394229,57.43036730691732,58.90587831848812,14.26160758564536,3.742019213229618,110.69967466023851,67.31820276155642,4.002432158079509
b7415219-931c-485a-9fc1-e927ded5d9c0,5528.828585481573,3.3803172187776376,93.37746514666227,79.05345409458873,29.775361417221596,6.3007580082746,148.4147616395752,94.36165313789385,4.11833906758637
053dec82-4660-4571-93c8-360870b0df63,4493.374169267721,2.8287949280850126,95.23965624656688,87.29731650169643,16.048896104423985,4.864050194220784,150.4398220017775,103.71313432173093,4.154370789539488
a4821a93-f2d7-4a47-9c30-b78b6d7b4874,4780.668554541955,3.5556266652049926,109.84327290577049,79.43398072971509,36.214255309082176,6.852013328336105,177.62880925430056,98.85152447285665,4.1080774118758985
f9025941-06af-4bc6-9549-d26ed17878f8,5679.809008240225,3.6123983066520466,104.5805859841787,68.85843194062744,41.03147354720335,6.956486864683628,165.29833070273088,74.59465327020722,4.020877415628783
6024089c-3eb7-4de8-bbbc-269d71427580,4718.56161085766,3.492699961233085,98.3619575289731,89.05761060562038,37.57122911786898,6.7378609959118165,158.5103761907377,119.2805861176375,4.056771800922718
20c698df-2468-475a-8587-1832fd491593,4963.682425536476,3.546639548440725,100.23567725970031,80.70618839676696,40.223916108300195,6.9440209466644705,163.84874267647973,100.09655963415175,4.086426519250514
cfb84b6e-831e-4772-8ee0-ff9f2409c2b4,4603.658867932609,3.621670971834769,111.61133700623553,81.37462121221262,38.72359613045094,6.92333668656352,175.238343144321,100.18679040620839,4.1347934296914834
06fde253-60ba-4cd9-af3b-4751acc000ae,5170.95971319373,3.414554018285406,101.51595390662389,80.80261726926474,31.96823348030894,6.494430197330367,163.95194747432504,95.20957040714893,4.120566874148482
77487bc7-b0c0-4ba2-a7e7-6c531330b7c5,5107.32564483711,3.492217368284064,106.38011037250152,92.27673434376959,30.586496170904173,6.500986418684434,165.32397382030138,116.34066636412405,4.14666089090251
c8b314e4-b683-4548-838b-db77479c8c26,7702.303603678647,2.8445131160434762,54.00709223065612,76.69333036725334,26.33330072668489,5.446835844072934,94.15128533819208,102.27534404048555,4.043898030703493
798ec4f0-ead4-4a07-80c1-cdf455ddcf45,7814.205134374522,2.9609578779945234,57.56011239999521,78.64936756202975,29.160019558758037,5.736356260339101,99.59561747510611,108.80703122991392,3.999791346487279
b1d97ae6-776f-4974-a51a-88332f7b31c4,7326.502047926972,2.886867593647426,58.17895118004708,75.06450539858642,29.150274050507967,5.6135619065606095,101.55890183406345,98.99607634353922,4.073543580910769
48573abf-df07-4742-bc06-c8525c11381e,5624.693643451446,2.7540290748735874,58.17388795024232,76.17447592273263,23.878540273663674,5.353228720682561,103.77153583429393,105.00129884670031,4.103244465636782
4292eaba-eb08-40e1-92bd-dc0577fd2119,6278.96435246605,2.6740010416487605,56.8468657600876,77.70807699964253,20.754248242362205,5.050833971885251,100.28068806979353,103.35703326381308,4.109124080406535
233d9cf2-f296-42de-970a-d00e3f345ad7,4970.064940147116,3.595122019418114,98.89338461236923,110.59363943867857,30.312283257667005,6.540659803822227,152.1467798698485,151.7856139584341,4.062806504392709
e0a1890f-cc9f-4e0d-9fa2-71705f85f0fd,4213.879777768985,3.3881707250464386,94.98842913527945,101.55135526161189,30.457904048450814,6.339952346347646,152.7876208292659,138.80056816431662,4.094356379815651
c7ad7b09-852c-43c3-885e-aefee4080d19,4997.575130534313,3.466786499293515,100.02820253805268,91.67311755013323,32.61878754657999,6.502689441679202,160.6683857423939,115.97261050797466,4.1356034676010935
8afcee79-7462-49ad-ac59-224f7d99ac71,4997.0818611168215,3.5092992372794614,99.58826928534967,113.84982599387448,25.92015820837434,6.145041167768797,152.05049121414078,152.84257752624544,4.033222527086703
d57d74f3-01d6-471e-afd7-023cc731fc6c,4414.700875649923,3.473306686896459,102.43374123437286,109.70560613008473,29.54202880110567,6.41760401732933,160.8349872056628,149.01995532312952,4.1065637646944895
8e9c35d5-e276-4c09-8c58-2ad312f0f692,4642.974673138687,3.5697302134240347,104.75282528836604,104.92041253789156,29.244169079882834,6.501733545267011,161.4916652512136,143.42504527334808,4.107063856339987
e3aefd1e-4981-4e6b-ae6d-1077752bc409,4048.013910298999,3.439269188347456,104.71445302465088,104.67033474220926,30.565423115572333,6.445229238849751,166.55935279301627,146.06160922499652,4.102162893823126
ad7953b4-2df6-4b93-a71b-97db17fb2e03,4436.531366056355,3.0159135033946565,91.14530653824878,107.44413796138036,19.38073253785957,5.270636558014965,142.52949617669728,148.34329764623698,4.108057205626999
a8008e54-2cdf-4307-9c16-7c598e894180,4527.500575628689,3.7492499346768087,120.51458922388679,99.62015704053837,36.420991984819665,7.13860924508799,186.56534872322757,121.80166738700783,4.036392327299811
ff004ee6-6449-49b6-969f-002c16a47e9c,4217.483496242982,3.6812093188566597,120.57438393553431,104.98750655329972,32.44045353894181,6.713715858708091,183.7078938034574,133.02417680129685,4.161637385016163
bb00cd16-8159-4c42-ba2e-ef4c0f0967d9,4758.061125816312,3.482504233533458,112.73564773007712,101.69422567453023,24.256603472033454,5.915185842560863,167.12017592916663,125.47178848649287,4.103512645697317
42de791e-1669-4e26-987d-d05c85deb3c4,3559.9891200257907,3.8114826566898286,124.69115243239904,112.34577455271199,37.500817903303464,7.300197918220512,193.02748628020424,155.54611447956577,4.182801656560886
7e44c977-1f6e-48b7-ae68-9ac264a9ed21,3752.848643487984,3.7927318001148222,125.0822822057902,110.93215260185842,37.47495841777199,7.145014171667114,192.95663544605944,144.85767123664414,4.161429602226722
1f4adddc-2b62-440b-89f2-17a7d12d1481,9022.035796784123,2.8517427939999576,48.566896642990216,68.87850367806632,31.841841515870897,5.70138877336274,92.75602522945661,97.41812207874679,4.118654756679353
ec4cd4a0-a3bd-48fd-98d8-a73cf9c3dce0,8770.44604480108,2.7672270264165024,46.10660755134813,70.48598103113855,31.06344524095862,5.594170938863353,89.54484781507911,101.47239536004744,4.0219696404309575
1257b1a5-4c53-492a-9ba2-753f8a4e37c4,8231.302142715198,2.6265797133826867,44.72996624567945,67.58373606724469,26.824403285794165,5.210306943598523,86.9559277395484,92.72375016502362,4.150728304863496
8911de3a-05c2-4969-be60-34cc7ca955d1,8998.145109507945,2.7844812675392174,46.46315771674354,69.2064021409634,30.716522064978264,5.640796253982961,89.1919457772021,97.83088784758061,4.165053633285765
65be4136-ffa1-4df6-8f74-e7f85b6e016b,8184.455676640978,2.646443781002772,43.46047665379224,67.80386747569234,28.590854151607058,5.269740965156244,83.46352265439869,93.76384172637682,4.150100025599953
725c123f-ee0f-457f-81dd-49306f0aa76f,9576.887112640434,2.75673325149032,45.93577545669673,70.01440786804051,30.25725183383851,5.605746150849349,87.42446616843448,98.23923041086398,4.057642845169235
8b7a7b6a-29df-4b32-9ca2-613be0b0e01f,7737.457150950574,2.9652504124592545,59.45651045407355,67.5176299813596,32.62478319810617,5.935041090269358,106.26853735363594,88.51740032829314,4.107238742115153
fdceb582-55a0-4e1f-ad53-9f511d215476,6919.240479286806,2.782525491591895,55.62917811689035,74.14433470519381,26.113804628970236,5.410889902296222,98.43614429311138,104.79062184258294,4.1500923899468445
b0a8ae5f-5ce1-4b28-a8fa-48ff3fd19a45,7107.511272537644,3.016509687629636,60.092747693663014,79.82008949451226,30.34068170901098,5.898754193043101,103.39431143982839,112.7106026506496,3.9952099466531124
a4859c2f-bd94-4772-8665-7fd3df40b040,7616.799448099767,2.998967414526615,61.36088410920094,77.63045649279728,31.45943273868761,5.914735793296339,108.12315034513239,106.65358351980716,4.092622458344101
d66e439c-07ae-45e7-98ba-0bf28023a26d,6643.36227314252,2.653233648880028,50.89182631527339,74.58738793610473,24.793522894941635,5.213197394002338,90.65839619092115,105.10936497751717,4.020649415882023
3342d9c2-4754-4203-ad8f-ff49ac1821c3,7705.0244494279505,3.0062244957538944,60.984350308621615,77.03406386045428,32.99115206570031,5.947892029313664,108.36265324620067,106.04558790144563,4.088285724655195
5f6035f2-8893-4835-9af5-15eb530a7095,7332.954248284685,2.9969669043494163,61.99047800862499,73.80593186438668,31.920832300284655,5.9291113367613875,107.8544261243622,98.20645046132516,4.101904901305596
738678fc-bade-4043-9c50-6a8a75fdc120,5614.3338717005245,2.5035916800743676,52.08143255022659,74.10122936334595,20.431878817335374,4.859399989500155,95.35585367119918,102.88224105795685,4.085684785141181
ed0d7890-7789-4883-bccb-6872a4496664,4244.325452192738,2.983182908876225,81.93014462963694,79.51581159154425,25.40686774652854,5.647115606933246,139.92536413297086,99.23688085882651,4.157569627506034
eaa671a8-d9a6-417d-9bff-86860060c313,5017.438606824249,2.796752689078081,75.01036947642288,74.40549929434056,20.714110042781414,5.1485698634078325,129.18739761047513,89.87603933232305,4.051019175512741
4ca1cc40-99db-49c0-8175-02fb0686aa88,5498.85651913604,3.080366097467219,81.63328956707367,80.31406184455496,27.802112655814767,5.978810951016287,136.97392638478908,95.77528973482126,4.093148404050837
740f2360-c8f9-4a2b-a8be-0c8c27feaf8c,2616.963322638683,2.1930916360038544,55.12475756181748,62.163165125788325,16.974592003041565,4.2702224840337255,106.78956856797835,78.86067048006319,4.064086853393557
365e14be-3545-48e6-898e-8f705265f839,6150.958152429827,2.9032910403068355,72.62761469671469,71.25006215984615,26.65056571030914,5.58977016791977,128.4151399454265,85.2596088508252,4.096392383628664
1347dd0b-4fe3-4f3b-ab5d-1678d00bf3f8,4479.071345637778,3.5165698012517472,105.53509280810528,102.48825323075343,31.96633995186818,6.605214009893133,163.8537993464845,135.0538583681497,4.127029233049293
222ffbd4-a185-4e5a-bca0-a7f0f11a51d4,4501.243532860464,3.411954525097988,103.35883135169169,81.30139000202722,35.46131709412849,6.51573668572202,168.40413225341436,96.05367867585636,4.115921230219917
019ca3a8-746f-4ea4-8c9d-659d2d50f048,4249.457880545428,3.4280961122415956,107.22233571624068,94.8682834900327,29.222078567838295,6.341464918981339,170.8861306377492,118.10241694181815,4.165096798514368
b6ddc3fd-5ffd-49b5-8d63-0df75be0bf17,3814.7885045486246,3.379067123992945,107.17303685135846,92.00194112662683,28.936015443808664,6.27638847234187,170.55311250246172,113.56658206751207,4.169471259293925
6b3dc7de-5c38-4abd-9438-d8e6e22347a7,4716.922165019734,3.453081510102488,110.2958482152741,79.27829266487379,32.751510499888745,6.5395262449376865,176.40154635621428,93.93149713167432,4.111573387374094
c2a0c1f7-3eb4-4e82-b16d-69b605c8370b,4602.105045334814,3.4209374883894386,102.75517127079064,89.1734273797048,32.89089636165001,6.501722737785999,167.04987766000932,108.61910434653109,4.120393000638145
2d70c55d-cf91-473a-b832-e95635ad91eb,5182.796122279598,3.4737586994666754,100.8821718934062,79.57124505308666,36.81224800466365,6.632936164100261,166.3845461439018,95.22415651742516,4.082269442468222
2c546572-fb4f-4632-8058-3bbfc00f0ebd,4120.127189335495,3.391609975839225,100.96614399100727,90.38890359814849,28.797131999040545,6.30735002394518,162.30660988462398,110.30132040716481,4.138586953396545
b75a8954-a179-4466-9a63-2967507e4b25,4062.475836493899,3.3056948378118767,98.48465033933698,99.56351060406138,27.913397000296285,6.2632403115586825,160.26662905997884,131.27330074516857,4.063052682956787
947d7f62-c8bc-41d2-bac3-2db9f90ec623,3572.519255019038,2.852889474491468,94.54296986930522,97.39711164395194,18.53435105962349,5.133364238178375,151.99073014687897,131.42211621960064,4.085589860447663
d33ecaa7-ac86-49ee-83f9-ba4ce4fb39aa,3394.0827872756577,3.0520361474267776,82.02020484264496,89.74846155317614,26.48621121054419,5.720991590607367,139.7116655060306,114.98212733860586,4.118824689967418
9c6512a1-b5ec-4980-9aaa-40be6c07419d,4124.265290291379,3.245560181652727,92.50054721652278,96.14548507303796,26.552969490089247,5.931760207021927,151.6296724605098,124.30704164868236,4.058501812501475
e05d1348-929a-462b-89bc-9d2bac34aa5e,4202.542674687079,3.2750471180445295,95.51904878229573,105.70035334785175,23.880450995710067,6.016254427230111,150.930405913922,139.5112430183374,4.120781041940461
743bee69-270d-4aa4-8f4e-ee3a62bb0fff,4207.423578002048,3.133863279297081,82.22582642608491,84.59252001881418,28.53991877941865,5.9819233510418455,142.93084195582497,104.85031427861227,4.094843426201019
0f945b71-1eeb-47da-b961-4e14b1e53e20,8836.516176791203,2.304434396158746,37.46338493604378,50.832655701730474,21.14337485930698,4.709891583415329,77.8767474459458,61.42462525974225,3.9849672016831903
d6a2092d-3523-4472-ab5a-c5f8f52128bd,6455.094405929166,2.1247055274173077,31.067533662728017,63.60508241814031,16.82467594267947,4.123768445096978,66.72482358755491,87.64735839279587,4.1290349303760445
17307f24-d30b-40f4-9360-57b2aca2c7e4,5434.111969402524,1.592663048498998,24.998123077715313,49.82498624302958,9.324509015315712,3.173269711940553,61.20435808797873,58.81029063348696,3.9562465805123423
f036f99f-d805-44cc-a4b3-6bbe762425ce,7364.412804229163,2.2628788831716955,37.70119947387478,50.54391362045152,20.655141752945546,4.664056680647445,78.73958374222926,59.81579972578517,4.049032935715658
6eb20c7c-b682-489a-b8c2-5d7dffffbfbd,7231.951351551636,2.4589306898093537,40.959889528782355,63.96219300766958,22.745393831068274,4.919239596969052,82.01270520645811,83.74255459228107,4.121107606316839
1d86c06b-98d7-4314-9deb-11f601c4e0d6,5188.768447740871,1.8102236304434256,27.755855259889593,64.71100767532873,12.008015633224286,3.541516949093565,64.44584268880696,87.72800445344666,3.997428634082585
fc895400-a62d-4a1e-bdb1-98b4ba8418d5,6593.866040577606,2.1663904333776314,35.68963687748098,57.629530356965674,17.638635742465993,4.243109388019834,78.01166763770638,72.60327220826372,4.0921813525228075
da32640d-ab04-4e87-a4a0-f662cee62dc3,7084.636467648423,2.306303771664501,42.51810244909546,56.17860144840917,19.071008025612958,4.48927783345324,86.27750113084497,65.51133229864315,4.1278163209308545
2bf74035-9de1-4998-a78a-89845ea18bc3,6546.742716533578,1.912549853279006,28.81979989406213,50.14566427444569,16.364112142503,3.8093532851246277,67.77073470145184,60.64650177229139,4.03656376027966
4b84f562-4655-47c6-9467-2b9b43278f44,7157.610806359348,2.4444267105369697,43.45871230539464,66.07452448455768,21.05178972358192,4.803241168272287,87.8801270134047,88.44347412135937,4.082335931665053
eaac32a3-4486-4ef8-865d-d8483f629840,6432.217939823002,2.1718333227741065,41.65950091058098,58.70767317556245,17.52126197984564,4.257832647999924,85.76037996724014,73.48413473182315,4.1193483186569715
3d2b5275-5db6-4fd8-bc07-41f374764acd,4876.368504519855,2.355354351507897,52.47119541304406,65.94100081601636,14.955124446418207,4.309600341671759,101.512857195149,88.50426634966345,4.165380208340702
4f3f67fc-2c09-463f-b127-658be8195573,4523.767449000014,1.40643709422529,23.97875001879875,62.267862996217474,7.770157249189767,2.7349881557692353,51.706114484174265,87.914066410414,4.034149340668038
958481e5-8c6a-4f11-acab-a8c4d5a6f203,3514.384647123622,2.1714094871043685,65.41717045764034,58.71201350600555,15.640149988739983,4.202766075682986,117.51908172999724,65.23291323837206,4.036632842018454
67017d36-f17a-417e-b088-e53c7c78f5b0,2760.4159782232528,1.4817910949064315,26.301633081772952,54.93481702100717,7.666369405414962,2.847367900889034,69.38771704099835,77.15881804060828,4.014699751141235
b1cc9b3b-569f-487e-8d6a-16978beb435f,5353.8221869370145,1.7079275893799246,53.08610862599318,64.41901424595065,9.300824693988154,3.231492194758646,104.10416003880205,66.91584345002877,3.964056232794419
a42dae29-cfba-4eed-af87-ca6e164ae464,3902.5658060967785,2.667265876534641,67.81152880427337,63.91671881676973,20.78116659008777,4.887396714213452,123.47499572642086,78.11585547693994,4.06488421982477
fd6e3657-0e1d-4099-9939-84d0d219d781,4170.439611540442,1.892934516631913,44.308969134270455,78.07913380467352,8.215951631305302,3.3626393000625185,85.2378190877766,98.69700697497231,4.028821799372606
9fac2368-a924-4298-be0c-9e696d6f32c7,3967.0165138350476,2.2631800389892485,53.14179880213223,63.788856439526846,18.429506935550343,4.484334361419086,103.25540034327622,80.1364161906469,4.051940319314397
877cdd5d-e7d8-4bb2-9fdf-50b40233f481,4839.827475129937,2.369159344680531,52.72110939642647,67.80627155399654,17.070849209725697,4.456277462371634,104.04267676578968,86.51395721663448,4.063028135233943
44fa105b-9632-424e-940b-96ad9a9b1234,2597.8324460627473,2.1889225360608164,53.67503330874463,63.19307580323681,18.338978293239062,4.376109484312966,106.57478048058701,79.88767958590628,4.14590501795502
5f34da62-94df-4c7e-9a11-4edcd63a6150,2830.947183369867,2.057525924608664,53.41041511565479,69.41222761397042,11.77064069443077,3.812720785613261,102.91453869316705,90.62261033744943,4.155027970128895
6f170a2f-bbbb-4e87-bd08-740cc699ea51,2024.327074443075,1.660580336857592,34.193689712843764,69.99343268965126,11.59244241726341,3.3026357322019937,82.68965335580891,96.65817549701626,4.027433463186808
